001,その他,0011,ジョイエム,99959,00,ｱｼｸﾋﾞｻﾎﾟｰﾀｰ,JM足首ｳｫｰﾏｰ付ｻﾎﾟｰﾀｰ,サポーター,9999,1728,1200,する,しない,する,する,001,スポット商品
001,その他,0001,森永乳業,99960,00,ｵﾀﾉｼﾐﾌﾞｸﾛ,Ｍお楽しみ袋,お楽しみ袋,9999,1188,900,する,しない,する,する,001,スポット商品
001,その他,0012,オイシックス,99961,00,ﾜﾌｳｵｾﾁｼｮｳﾁｸﾊﾞｲ,ＯＳ和風おせち「松竹梅」,和風おせち,9999,22418,16150,する,しない,する,する,001,スポット商品
001,その他,0012,オイシックス,99962,00,ﾜﾖｳｾｯﾁｭｳｼｭｸｶ,OS和洋折衷おせち「祝華」,和洋折衷,9999,15391,12113,する,しない,する,する,001,スポット商品
001,その他,0012,オイシックス,99963,00,ｱﾝﾉｳｲﾓ,OS安納いも2㎏,安納いも2k,9999,3066,2412,する,しない,する,する,001,スポット商品
001,その他,0012,オイシックス,99964,00,ﾁﾘﾒﾝｼｮｳｶﾞ,OSちりめん生姜２袋,ﾁﾘﾒﾝ生姜2,9999,1728,1200,する,しない,する,する,001,スポット商品
001,その他,0012,オイシックス,99965,00,ｼｮｳｶﾞﾊﾁﾐﾂﾂﾞｹ,OS生姜ﾊﾁﾐﾂ漬け,生姜ﾊﾁﾐﾂ,9999,972,675,する,しない,する,する,001,スポット商品
001,その他,0012,オイシックス,99966,00,ｺﾞﾏﾄｳﾌ,OS高野山ごま豆腐,ごま豆腐,9999,1234,857,する,しない,する,する,001,スポット商品
001,その他,0012,オイシックス,99967,00,16ｺｸｺﾞﾊﾝ,OS味わう十六穀ごはん,１６穀ｺﾞﾊﾝ,9999,1491,1036,する,しない,する,する,001,スポット商品
001,その他,0012,オイシックス,99968,00,ｷﾞｮｳﾑﾖｳｵﾔｺﾄﾞﾝﾉﾓﾄ,OS業務用親子丼ﾉ素,親子丼ﾉ素,9999,2160,1500,する,しない,する,する,001,スポット商品
001,その他,0012,オイシックス,99969,00,ｷﾞｭｳﾄﾞﾝﾉﾓﾄ6ｼｮｸｾｯﾄ,OS牛丼の素６食ｾｯﾄ,牛丼の素6,9999,1944,1350,する,しない,する,する,001,スポット商品
001,その他,0012,オイシックス,99970,00,ﾔｻｲﾄﾆｸｾｯﾄ,OS和風惣菜野菜ﾄ肉ｾｯﾄ,野菜と肉ｾｯ,9999,2675,1857,する,しない,する,する,001,スポット商品
001,その他,0012,オイシックス,99971,00,ﾐｶﾝ2kg,OS山下紅ﾐｶﾝ2Kg,紅みかん2k,9999,3391,2669,する,しない,する,する,001,スポット商品
001,その他,0012,オイシックス,99972,00,ﾂｶﾞﾙﾎﾝﾂﾞｸﾘｺｳｼﾞｱﾏｻﾞｹ,OS津軽　こうじ甘酒,こうじ甘酒,9999,1317,914,する,しない,する,する,001,スポット商品
001,その他,0011,ジョイエム,99973,00,ｱｯﾀｶﾗｸﾁﾝｸｯｼｮﾝ,JMあったか楽ちんｸｯｼｮﾝ,楽ちんｸｯｼｮ,9999,3066,2129,する,しない,する,する,001,スポット商品
001,その他,0011,ジョイエム,99974,00,ﾇｸﾇｸｿｯｸｽ,JM裏起毛ﾇｸﾇｸｿｯｸｽ5色,ソックス5,9999,1728,1200,する,しない,する,する,001,スポット商品
001,その他,0007,オフィス・ミント,99975,00,ﾌﾞﾙｳﾍﾞﾘｰ,OMぶるぅべりぃ,ぶるぅべり,9999,4094,2653,する,しない,する,する,001,スポット商品
001,その他,0007,オフィス・ミント,99976,00,ｼｮｳｶﾞﾊﾁﾐﾂ,OMしょうがはちみつ,ｼｮｳｶﾞﾊﾁﾐﾂ,9999,1080,700,する,しない,する,する,001,スポット商品
001,その他,0007,オフィス・ミント,99977,00,ﾀﾞｲｺﾝｼｮｳｶﾞﾉﾄﾞｱﾒ,OM大根生姜のど飴,大根生姜ｱﾒ,9999,1080,700,する,しない,する,する,001,スポット商品
001,その他,0007,オフィス・ミント,99978,00,ﾏﾒｲﾀ,OM豆板20ﾏｲ入り,豆板20枚,9999,1388,900,する,しない,する,する,001,スポット商品
001,その他,0007,オフィス・ミント,99979,00,ﾉｼｶﾉｺ,OM蒸しかのこ,蒸しかのこ,9999,720,466,する,しない,する,する,001,スポット商品
001,その他,0007,オフィス・ミント,99980,00,ｷﾀｶﾀﾗｰﾒﾝ,OM喜多方ﾗｰﾒﾝ,喜多方ﾗｰﾒﾝ,9999,1080,700,する,しない,する,する,001,スポット商品
001,その他,0007,オフィス・ミント,99981,00,ｱｼﾞﾂｷｵｶｶ,OM味付おかか,味付おかか,9999,1008,653,する,しない,する,する,001,スポット商品
001,その他,0007,オフィス・ミント,99982,00,ｻｸﾗｴﾋﾞｿﾞｳｽｲ,OM桜えびぞうすい,桜ｴﾋﾞｿﾞｳｽｲ,9999,1512,980,する,しない,する,する,001,スポット商品
001,その他,0007,オフィス・ミント,99983,00,ｶﾚｰｳﾄﾞﾝﾉﾓﾄ,OM中村屋ｶﾚｰうどん素,中村ｶﾚｰｳﾄﾞ,9999,1625,1053,する,しない,する,する,001,スポット商品
001,その他,0007,オフィス・ミント,99984,00,ｶｯﾄﾜｶﾒ,OMｶｯﾄわかめ,ｶｯﾄわかめ,9999,1080,700,する,しない,する,する,001,スポット商品
001,その他,0007,オフィス・ミント,99985,00,ﾀﾍﾞﾙｺｻﾞｶﾅ,OM食べる小魚,食べる小魚,9999,699,453,する,しない,する,する,001,スポット商品
001,その他,0007,オフィス・ミント,99986,00,ｸﾘﾛｰﾙｹｰｷ,OM栗ﾛｰﾙｹｰｷ,栗ﾛｰﾙｹｰｷ,9999,915,593,する,しない,する,する,001,スポット商品
001,その他,0007,オフィス・ミント,99987,00,ｱﾏﾅｯﾄｳｺﾜﾚ,OM丹波黒豆甘納豆ｺﾜﾚ,甘納豆ｺﾜﾚ,9999,1008,653,する,しない,する,する,001,スポット商品
001,その他,0007,オフィス・ミント,99988,00,ｶｷｺﾊｸ,OM柿琥珀,柿琥珀,9999,1388,900,する,しない,する,する,001,スポット商品
001,その他,0007,オフィス・ミント,99989,00,ｶﾙｼｳﾑｳｴﾊｰｽ,OM鉄・ｶﾙｼｳﾑｳｴﾊｰｽ,ｳｴﾊｰｽ,9999,977,633,する,しない,する,する,001,スポット商品
001,その他,0007,オフィス・ミント,99990,00,ｾﾝｾﾞﾝｾｲｶﾂﾁｬ,OM薬膳生活茶　秀,薬膳生活ﾁｬ,9999,1327,860,する,しない,する,する,001,スポット商品
001,その他,0009,ストアハウス,99991,00,ﾔｾﾁｬｵｳ5,SHやせちゃ王５袋,ﾔｾﾁｬｵｳ5,9999,1522,1036,する,しない,する,する,001,スポット商品
001,その他,0011,ジョイエム,99992,00,ｿｸﾀﾞﾝﾌｯﾄｳｵ^ﾏｰ,JM速断ﾌｯﾄｳｵｰﾏｰ,速断ﾌｯﾄ,9999,3066,2129,する,しない,する,する,001,スポット商品
001,その他,0011,ジョイエム,99993,00,JMＨＯＴﾎｯﾄｹｯﾄ,JMＨＯＴﾎｯﾄｹｯﾄ,ﾎｯﾄｹｯﾄ,9999,2036,1415,する,しない,する,する,001,スポット商品
001,その他,0011,ジョイエム,99994,00,ｼﾞﾄﾞｳｾｲﾋｮｳｷｾｲﾝｼﾞｮｳｻﾞｲ,JM自動製氷機洗浄剤,洗浄剤,9999,513,356,する,しない,する,する,001,スポット商品
001,その他,0007,オフィス・ミント,99995,00,ﾏｶﾀﾞﾐｱｽﾅｯｸ,OMマカダミアｽﾅｯｸ,ﾏｶﾀﾞﾐｱｽﾅｯｸ,9999,1080,700,する,しない,する,する,001,スポット商品
001,その他,0007,オフィス・ミント,99996,00,ｼﾞﾝｼﾞｬｰﾃｨｰ,OMｼﾞﾝｼﾞｬｰﾃｨｰ,ｼﾞﾝｼﾞｬｰﾃｨｰ,9999,1543,1000,する,しない,する,する,001,スポット商品
001,その他,0007,オフィス・ミント,99997,00,ｳﾒｲﾘﾍﾞｯｺｳ,OM梅入黒べっ甲,梅入黒べっ,9999,1080,700,する,しない,する,する,001,スポット商品
001,その他,0007,オフィス・ミント,99998,00,ｺﾝﾌﾞｷｭｳﾘ,OM昆布きゅうり,昆布きゅう,9999,977,633,する,しない,する,する,001,スポット商品
001,その他,0007,オフィス・ミント,99999,00,ﾎﾃﾃｱﾐﾔｷ,OMほたて網焼き,ほたて網焼,9999,2016,1306,する,しない,する,する,001,スポット商品
001,その他,0011,ジョイエム,99865,00,レンジフードクリーナー,JM換気扇ﾚﾝｼﾞﾌｰﾄﾞｸﾘｰﾅｰ,ｸﾘｰﾅｰ,9999,1008,701,する,しない,する,する,001,スポット商品
001,その他,0011,ジョイエム,99864,00,ﾋﾟﾝｸﾉｵﾌﾛﾌﾛｶﾞﾏ,JMﾋﾟﾝｸ風呂･釜汚れ100番,ﾋﾟﾝｸのお風,9999,1008,701,する,しない,する,する,001,スポット商品
001,その他,0011,ジョイエム,99863,00,ﾌﾟｰﾄﾞﾙﾄﾞｯｸ,JM家ﾏﾌﾗｰﾌﾟｰﾄﾞﾙﾈｯｸ,ﾌﾟｰﾄﾞﾙﾈｯｸ,9999,1296,900,する,しない,する,する,001,スポット商品
020,精肉・加工肉,0024,日本ﾊﾑ東販売㈱金沢営業所,99862,00,NH-306,日本ﾊﾑ　ＮＨ-306,ＮＨ-306,202,2592,1800,する,する,する,する,001,スポット商品
001,その他,0024,日本ﾊﾑ東販売㈱金沢営業所,99861,00,NH-402,日本ﾊﾑ　ＮＨ-402,ＮＨ-402,9999,3456,2520,する,しない,する,する,001,スポット商品
020,精肉・加工肉,0024,日本ﾊﾑ東販売㈱金沢営業所,99860,00,NH-501,日本ﾊﾑ　ＮＨ-501,ＮＨ-501,202,4320,3150,する,する,する,する,001,スポット商品
001,その他,0024,日本ﾊﾑ東販売㈱金沢営業所,99859,00,NH-505,日本ﾊﾑ　ＮＨ-505,ＮＨ-505,9999,4320,3150,する,しない,する,する,001,スポット商品
001,その他,0024,日本ﾊﾑ東販売㈱金沢営業所,99858,00,MF-313,日本ﾊﾑ　ＭＦ-313,ＭＦ-313,9999,2592,1800,する,しない,する,する,001,スポット商品
001,その他,0024,日本ﾊﾑ東販売㈱金沢営業所,99857,00,NH-408,日本ﾊﾑ　ＮＨ-408,ＮＨ-408,9999,3456,2520,する,しない,する,する,001,スポット商品
001,その他,0002,明治乳業㈱　北陸事業所,99856,00,Ａｙａｶｯﾌﾟﾂﾒｱﾜｾ,明治　Ａｙａｶｯﾌﾟ詰合せ,Ａｙａｶｯﾌﾟ,9999,3348,1690,する,する,する,する,005,ｸﾘｽﾏｽｹｰｷ
080,菓子・パン,0018,敷島製パン　株式会社,99855,00,Aｸﾘｽﾏｽｲﾁｺﾞ4ｺﾞｳ,ﾊﾟｽｺ　Ａｸﾘｽﾏｽ苺　4号,Ａ苺4号,9999,1620,1050.21,する,する,する,する,005,ｸﾘｽﾏｽｹｰｷ
080,菓子・パン,0018,敷島製パン　株式会社,99854,00,Bｸﾘｽﾏｽｲﾁｺﾞ5ｺﾞｳ,ﾊﾟｽｺ　Ｂｸﾘｽﾏｽ苺　5号,Ｂ苺5号,9999,2592,1680.21,する,する,する,する,005,ｸﾘｽﾏｽｹｰｷ
080,菓子・パン,0018,敷島製パン　株式会社,99853,00,Cｸﾘｽﾏｽｲﾁｺﾞ6ｺﾞｳ,ﾊﾟｽｺ　Ｃｸﾘｽﾏｽ苺　6号,Ｃ苺6号,9999,3055,1980.09,する,する,する,する,005,ｸﾘｽﾏｽｹｰｷ
080,菓子・パン,0018,敷島製パン　株式会社,99852,00,Eｸﾘｽﾏｽｲﾁｺﾞ7ｺﾞｳ,ﾊﾟｽｺ　Ｅｸﾘｽﾏｽ苺　7号,Ｅ苺7号,9999,3703,2400.3,する,する,する,する,005,ｸﾘｽﾏｽｹｰｷ
080,菓子・パン,0018,敷島製パン　株式会社,99851,00,ﾁｮｺｸﾘｰﾑｲﾁｺﾞ5ｺﾞｳ,ﾊﾟｽｺ　Ｆﾁｮｺｸﾘｰﾑ苺　5号,Ｆﾁｮｺ苺5号,9999,2592,1680.21,する,する,する,する,005,ｸﾘｽﾏｽｹｰｷ
080,菓子・パン,0018,敷島製パン　株式会社,99850,00,Hｸﾘｽﾏｽﾍﾟｱｹｰｷ,ﾊﾟｽｺ　Ｈｸﾘｽﾏｽﾍﾟｱｹｰｷ,Ｈﾍﾟｱｹｰｷ,9999,2870,1860.39,する,する,する,する,005,ｸﾘｽﾏｽｹｰｷ
080,菓子・パン,0018,敷島製パン　株式会社,99849,00,Qﾌﾟﾃｨｼｮｺﾗ,ﾊﾟｽｺ　Ｑﾌﾟﾃｨ・ｼｮｺﾗ,Ｑｼｮｺﾗ,9999,1852,1200.15,する,する,する,する,005,ｸﾘｽﾏｽｹｰｷ
080,菓子・パン,0018,敷島製パン　株式会社,99848,00,Rﾌﾟﾃｨﾜｸﾞﾘﾓﾝﾌﾞﾗﾝ,ﾊﾟｽｺ　Ｒﾌﾟﾃｨ・ﾓﾝﾌﾞﾗﾝ,Ｒﾓﾝﾌﾞﾗﾝ,9999,1852,1200.15,する,する,する,する,005,ｸﾘｽﾏｽｹｰｷ
080,菓子・パン,0018,敷島製パン　株式会社,99847,00,Sﾌﾟﾃｨﾅﾏｷｬﾗﾒﾙ,ﾊﾟｽｺ　Sﾌﾟﾃｨ・生ｷｬﾗﾒﾙ,Sｷｬﾗﾒﾙ,9999,1852,1200.15,する,する,する,する,005,ｸﾘｽﾏｽｹｰｷ
080,菓子・パン,0018,敷島製パン　株式会社,99846,00,Xﾊﾟｽｺｸﾘｽﾏｽﾃｨﾗﾐｽｹｰｷ,ﾊﾟｽｺ　Xﾃｨﾗﾐｽｹｰｷ,Xﾃｨﾗﾐｽ,9999,2129,1380.33,する,する,する,する,005,ｸﾘｽﾏｽｹｰｷ
080,菓子・パン,0018,敷島製パン　株式会社,99845,00,Yﾍﾞﾘｰﾑｰｽﾀﾙﾄ,ﾊﾟｽｺ　Yﾍﾞﾘﾑｰｽﾀﾙﾄ,Yﾍﾞﾘｰﾀﾙﾄ,9999,2314,1500.03,する,する,する,する,005,ｸﾘｽﾏｽｹｰｷ
080,菓子・パン,0018,敷島製パン　株式会社,99843,00,Zｸﾘｽﾏｽｱｿｰﾄ,ﾊﾟｽｺ　Zｸﾘｽﾏｽｱｿｰﾄ,Zｱｿｰﾄ,9999,2592,1680.21,する,する,する,する,005,ｸﾘｽﾏｽｹｰｷ
080,菓子・パン,0018,敷島製パン　株式会社,99842,00,ﾁｰｽﾞｹｰｷ,Ｖﾊﾟｽｺｸﾘｽﾏｽﾁｰｽﾞｹｰｷ,ﾁｰｽﾞｹｰｷ,9999,2314,1500.03,する,する,する,する,005,ｸﾘｽﾏｽｹｰｷ
080,菓子・パン,0018,敷島製パン　株式会社,99841,00,Tﾊﾟｽｺｳｼﾞﾏｯﾁｬｹｰｷ,ﾊﾟｽｺ　T宇治抹茶ｹｰｷ,T宇治抹茶,9999,2129,1380.33,する,する,する,する,005,ｸﾘｽﾏｽｹｰｷ
001,その他,9998,オハヨー,99840,00,ｱｲｽﾃﾞｺﾚｰｼｮﾝ,ｵﾊﾖｰ苺ｱｲｽﾃﾞｺﾚｰｼｮﾝ,１ﾃﾞｺｱｲｽ,9999,3240,1800,する,する,する,する,005,ｸﾘｽﾏｽｹｰｷ
060,冷凍食品,9998,オハヨー,99839,00,2ﾅﾏﾁｮｺｷﾞﾌﾄ,ｵﾊﾖｰ　2生ﾁｮｺｱｲｽ,2生ﾁｮｺ,9999,2916,1620,する,する,する,する,005,ｸﾘｽﾏｽｹｰｷ
060,冷凍食品,9998,オハヨー,99838,00,3ｼﾞｬｰｼﾞｰｱｲｽｸﾘｰﾑｸｷﾞﾌﾄ,ｵﾊﾖｰ　3ｼﾞｬｰｼﾞｰ牛乳ｱｲｽ,3ｼﾞｬｰｼﾞｰ,9999,2700,1500,する,する,する,する,005,ｸﾘｽﾏｽｹｰｷ
001,その他,9998,オハヨー,99837,00,4ｱｲｽｹｰｷ,ｵﾊﾖｰ　4ｱｲｽｹｰｷ,4ｱｲｽｹｰｷ,9999,2484,1380,する,する,する,する,005,ｸﾘｽﾏｽｹｰｷ
060,冷凍食品,9998,オハヨー,99836,00,5ﾁｮｺｱｲｽﾎﾞｰﾙ,ｵﾊﾖｰ　5ﾁｮｺｱｲｽﾎﾞｰﾙ,5ﾁｮｺﾎﾞｰﾙ,9999,2160,1200,する,する,する,する,005,ｸﾘｽﾏｽｹｰｷ
001,その他,0001,森永乳業,99830,00,ﾌﾟﾘｽﾞﾏｸﾞﾚｰﾌﾟ,Ｍｻﾝｷｽﾄ　ｸﾞﾚｰﾌﾟ200ml,ｸﾞﾚｰﾌﾟ200,9999,1008,720,する,しない,する,する,001,スポット商品
001,その他,0011,ジョイエム,99835,00,ｶﾋﾞｵﾄｼｾﾝﾖｳｸﾘｰﾅｰ,JMｶﾋﾞ落とし専用ｸﾘｰﾅｰ,ｶﾋﾞ落し専,9999,2448,1700,する,しない,する,する,001,スポット商品
001,その他,0011,ジョイエム,99834,00,ﾄｳｷﾎｰﾛｰｾﾝﾖｳｸﾘｰﾅｰ,JM陶器ﾎｰﾛｰ専用ｸﾘｰﾅｰ,陶器ﾎｰﾛｰ,9999,2448,1700,する,しない,する,する,001,スポット商品
001,その他,0012,オイシックス,99833,00,ｵｿｳｻﾞｲｾｯﾄ,OSおそうざいｾｯﾄ5袋,ｵｿｳｻﾞｲｾｯﾄ,9999,1944,1350,する,しない,する,する,001,スポット商品
001,その他,0012,オイシックス,99832,00,ﾜｹｱﾘｽﾞﾜｲｶﾞﾆ,OSわけありｽﾞﾜｲ蟹脚1kg,ﾜｹｱﾘｶﾆ,9999,5330,4195,する,しない,する,する,001,スポット商品
001,その他,0012,オイシックス,99831,00,ｶﾘﾝﾄｳﾂﾒｱﾜｾ,OS伊東軒ｶﾘﾝﾄｳ詰合せ,ｶﾘﾝﾄｳ詰,9999,2700,1875,する,しない,する,する,001,スポット商品
010,青果物,0022,×㈱セイツ-,00300,00,ｾｲﾂｰ ｵﾝﾔｻｲﾀﾞｲｺﾝﾗﾝｷﾞﾘ120g,S温野菜だいこん乱切120ｇ,ﾀﾞｲｺﾝ乱切,119,255,130,する,する,する,する,001,スポット商品
010,青果物,0022,×㈱セイツ-,00301,00,ｾｲﾂｰ ｵﾝﾔｻｲﾆﾝｼﾞﾝﾗﾝｷﾘ120g,S温野菜にんじん乱切120ｇ,ﾆﾝｼﾞﾝ乱切,119,255,130,する,する,する,する,001,スポット商品
010,青果物,0022,×㈱セイツ-,00302,00,Sｵﾝﾔｻｲﾆﾝｼﾞﾝｽﾃｨｯｸ120g,S温野菜ﾆﾝｼﾞﾝｽﾃｨｯｸ120g,ｽﾃｨｯｸ120,119,255,130,する,する,する,する,001,スポット商品
010,青果物,0022,×㈱セイツ-,00303,00,ｾｲﾂｰｵﾝﾔｻｲﾚﾝｺﾝﾗﾝｷﾘ70g,S温野菜れんこん乱切70ｇ,ﾚﾝｺﾝ乱切,119,286,150,する,する,する,する,001,スポット商品
010,青果物,0022,×㈱セイツ-,00304,00,ｾｲﾂｰｵﾝﾔｻｲﾚﾝｺﾝｽﾗｲｽ70g,S温野菜れんこんｽﾗｲｽ70ｇ,ﾚﾝｺﾝｽﾗｲｽ,119,286,150,する,する,する,する,001,スポット商品
010,青果物,0022,×㈱セイツ-,00305,00,ｾｲﾂｰｺﾞﾎﾞｳﾗﾝｷﾘ100g,S温野菜ごぼう乱切100ｇ,ｺﾞﾎﾞｳ乱切,119,276,140,する,する,する,する,001,スポット商品
010,青果物,0022,×㈱セイツ-,00306,00,ｾｲﾂｰｵﾝﾔｻｲｺﾞﾎﾞｳｽﾃｨｯｸ100g,S温野菜ごぼうｽﾃｨｯｸ100ｇ,ごぼうｽﾃｨ,119,276,140,する,する,する,する,001,スポット商品
010,青果物,0022,×㈱セイツ-,00307,00,ｾｲﾂｰｵﾝﾔｻｲｶﾝｼｮﾗﾝｷﾘ100g,S温野菜かんしょ乱切100ｇ,カﾝｼｮ乱切,119,297,165,する,する,する,する,001,スポット商品
010,青果物,0022,×㈱セイツ-,00308,00,ｾｲﾂｰｵﾝﾔｻｲﾊﾞﾚｲｼｮﾗﾝｷﾘ120g,S温野菜ﾊﾞﾚｲｼｮ乱切120g,ﾊﾞﾚｲｼｮ120,119,297,160,する,する,する,する,001,スポット商品
010,青果物,0022,×㈱セイツ-,00309,00,ｾｲﾂｰｵﾝﾔｻｲｶﾎﾞﾁｬｶｸｷﾘ120g,S温野菜かぼちゃ角切120ｇ,ｶﾎﾞﾁｬ120ｇ,119,306,180,する,する,する,する,001,スポット商品
010,青果物,0022,×㈱セイツ-,00310,00,ｾｲﾂｰｵﾝﾔｻｲﾌﾞﾛｯｺﾘﾌｻｷﾘ100,S温野菜ﾌﾞﾛｯｺﾘｰ房切100,ﾌﾞﾛｯｺﾘｰ,119,410,290,する,する,する,する,001,スポット商品
010,青果物,0022,×㈱セイツ-,00311,00,ｾｲﾂｰｵﾝﾔｻｲｲﾝｶﾒｻﾞﾒﾗﾝｷﾘ120g,S温野菜ｲﾝｶ目覚乱切120,ｲﾝｶ120ｇ,119,297,155,する,する,する,する,001,スポット商品
010,青果物,0022,×㈱セイツ-,00312,00,ｾｲﾂｰｵﾝﾔｻｲｺﾞﾛｳｼﾞﾏｷﾝﾄｷﾗﾝｷﾘ,S温野菜五郎島金時乱切,五郎島金時,119,306,180,する,する,する,する,001,スポット商品
010,青果物,0021,㈱グリーンネット,00313,00,ﾎｯｺｸｾｲｶｷｬﾍﾞﾂｶｸｷﾘ150g,Hｷｬﾍﾞﾂ角切150ｇ,ｷｬﾍﾞﾂ角切,115,103,65,する,する,する,する,001,スポット商品
010,青果物,0021,㈱グリーンネット,00314,00,ﾎｯｺｸｾｲｶﾆﾝｼﾞﾝﾗﾝｷﾘ100g,Hにんじん乱切100ｇ,ﾆﾝｼﾞﾝ乱切,115,103,65,する,する,する,する,001,スポット商品
010,青果物,0021,㈱グリーンネット,00315,00,ﾎｯｺｸｾｲｶﾀﾞｲｺﾝｲﾁｮｳｷﾘ100g,H大根ｲﾁｮｳ切100ｇ,大根ｲﾁｮｳ,115,103,65,する,する,する,する,001,スポット商品
010,青果物,0021,㈱グリーンネット,00316,00,ﾎｯｺｸｾｲｶﾈｷﾞｺｸﾞﾁｷﾘ50g,Hねぎ小口切50ｇ,ﾈｷﾞ小口切,115,103,65,する,する,する,する,001,スポット商品
010,青果物,0021,㈱グリーンネット,00317,00,ﾎｯｺｸｾｲｶｼﾞｬｶﾞｲﾓﾆﾓﾉﾖｳﾗﾝｷﾘ,Hｼﾞｬｶﾞｲﾓ煮物用乱切200,ｼﾞｬｶﾞｲﾓ,115,154,90,する,する,する,する,001,スポット商品
010,青果物,0021,㈱グリーンネット,00318,00,ﾎｯｺｸｾｲｶｺﾞﾎﾞｳﾗﾝｷﾘ100g,Hごぼう乱切り100ｇ,ｺﾞﾎﾞｳ乱切,115,144,85,する,する,する,する,001,スポット商品
010,青果物,0021,㈱グリーンネット,00319,00,ﾎｯｺｸｾｲｶﾀﾏﾈｷﾞｶｸｷﾘ150g,Hたまねぎ角切150ｇ,ﾀﾏﾈｷﾞ角切,115,103,60,する,する,する,する,001,スポット商品
010,青果物,0021,㈱グリーンネット,00320,00,ﾎｯｺｸｾｲｶｶﾎﾞﾁｬｽﾗｲｽ100g,Hかぼちゃｽﾗｲｽ100ｇ,ｶﾎﾞﾁｬｽﾗｲｽ,115,103,60,する,する,する,する,001,スポット商品
010,青果物,0021,㈱グリーンネット,00321,00,ﾎｯｺｸｾｲｶｻﾂﾏｲﾓｽﾗｲｽ150g,Hさつまいもｽﾗｲｽ150ｇ,ｻﾂﾏｲﾓｽﾗｲ,115,204,125,する,する,する,する,001,スポット商品
010,青果物,0021,㈱グリーンネット,00322,00,ﾎｯｺｸｾｲｶﾚﾝｺﾝｽﾗｲｽ100g,Hれんこんｽﾗｲｽ100ｇ,ﾚﾝｺﾝｽﾗｲｽ,115,286,185,する,する,する,する,001,スポット商品
010,青果物,0021,㈱グリーンネット,00323,00,ﾎｯｺｸｾｲｶｼﾛﾈｷﾞﾜｷﾞﾘ30g,H白ねぎ輪切30ｇ,白ﾈｷﾞ輪切,115,103,65,する,する,する,する,001,スポット商品
010,青果物,0021,㈱グリーンネット,00324,00,ﾎｯｺｸｾｲｶﾊﾞﾝﾉｳﾈｷﾞﾜｷﾞﾘ30g,H万能ねぎ輪切30ｇ,万能ﾈｷﾞ,115,103,65,する,する,する,する,001,スポット商品
010,青果物,0033,江口青果株式会社,00327,00,ｵｵｲﾀｹﾝｻﾝﾈｷﾞM4 1ﾎﾝ,ねぎ M4 1束,ﾈｷﾞM4,112,204,160,する,する,する,する,001,スポット商品
010,青果物,0033,江口青果株式会社,00328,00,ﾀﾞｲｺﾝL1ﾎﾟﾝ,大根L1本,大根L1本,113,204,150,する,する,する,する,001,スポット商品
050,ディリー食品,0025,㈱ナカヤマエッグ,00332,00,ﾅｶﾔﾏｴｯｸﾞﾉﾄﾋﾗｶﾞｲﾀﾏｺﾞ6ｺ,N能登平飼卵6個入,平飼卵6個,501,379,270,する,する,する,する,001,スポット商品
050,ディリー食品,0025,㈱ナカヤマエッグ,00333,00,ﾅｶﾔﾏｴｯｸﾞﾉﾄﾄﾞﾘﾀﾏｺﾞ10ｺｲﾘ,N能登鶏たまご10個入,ﾉﾄ鶏卵10ｺ,501,306,210,する,する,する,する,001,スポット商品
050,ディリー食品,0025,㈱ナカヤマエッグ,00334,00,ﾅｶﾔﾏｴｯｸﾞｻｸﾗｯｺ10ｺｲﾘ,N桜っ子10個入,桜っ子10コ,501,306,210,する,する,する,する,001,スポット商品
050,ディリー食品,0025,㈱ナカヤマエッグ,00335,00,ﾅｶﾔﾏｴｯｸﾞｼｮｸﾀｸﾉｴﾐ10ｺｲﾘ,N食卓の笑み10個入,食卓ﾉ笑10,501,255,165,する,する,する,する,001,スポット商品
050,ディリー食品,0025,㈱ナカヤマエッグ,00336,00,ﾅｶﾔﾏｴｯｸﾞﾉﾄﾉﾒｸﾞﾐ10ｺ,N能登のめぐみ10個入,ﾉﾄのﾒｸﾞﾐ10,541,255,160,する,する,する,する,001,スポット商品
050,ディリー食品,0025,㈱ナカヤマエッグ,00337,00,ﾅｶﾔﾏｴｯｸﾞｱｶﾀﾞﾏﾀﾏｺﾞﾐｯｸｽ10ｺ,N赤玉たまごﾐｯｸｽ10個入,赤玉mix10,541,204,148,する,する,する,する,001,スポット商品
050,ディリー食品,0025,㈱ナカヤマエッグ,00338,00,ﾅｶﾔﾏｴｯｸﾞｻｸﾗﾀﾏｺﾞﾐｯｸｽ10ｺｲﾘ,Nｻｸﾗ卵ﾐｯｸｽ10個入,桜卵mix10,501,194,141,する,する,する,する,001,スポット商品
050,ディリー食品,0025,㈱ナカヤマエッグ,00339,00,ﾅｶﾔﾏｴｯｸﾞｼﾗﾀﾏﾀﾏｺﾞﾐｯｸｽ10ｺ,N白玉たまごﾐｯｸｽ10個入,白玉mix10,501,183,133,する,する,する,する,001,スポット商品
050,ディリー食品,0035,ｻﾝﾗｲﾌ,00340,00,ｻﾝﾗｲﾌﾉﾄｼﾞﾄﾞﾘｼｾﾞﾝﾀﾏｺﾞ6ｺ,SL能登地ﾄﾞﾘ自然卵6個,自然卵,543,379,250,する,する,する,する,001,スポット商品
010,青果物,0033,江口青果株式会社,00341,00,ﾅｶﾞﾉｹﾝｻﾝﾘﾝｺﾞｻﾝﾌｼﾞ6ｹﾌｸﾛ,りんご小玉6ヶ,リンゴ6ヶ,121,513,350,する,する,する,する,001,スポット商品
010,青果物,0033,江口青果株式会社,00342,00,ﾜｶﾔﾏｹﾝｻﾝﾊｯｻｸL4,はっさくL4個,はっさく,121,410,340,する,する,する,する,001,スポット商品
010,青果物,0033,江口青果株式会社,00343,00,ﾜｶﾔﾏｹﾝｻﾝｲﾖｶﾝ2L4ｺ,いよかん2L4個,いよかん,121,494,350,する,する,する,する,001,スポット商品
010,青果物,0033,江口青果株式会社,00344,00,ﾜｶﾔﾏｹﾝｻﾝﾜｾﾐｶﾝL8ｺ,早生ﾐｶﾝL8個,早生みかん,121,410,300,する,する,する,する,001,スポット商品
010,青果物,0033,江口青果株式会社,00325,00,ｺﾏﾂﾅ1ﾀﾊﾞ,小松菜1束,小松菜1束,112,194,150,する,する,する,する,001,スポット商品
010,青果物,0033,江口青果株式会社,00326,00,ｲﾊﾞﾗｷｹﾝｻﾝﾊｸｻｲ1ｹ,白菜1ヶ,白菜1ヶ,112,368,270,する,する,する,する,001,スポット商品
010,青果物,0033,江口青果株式会社,00348,00,ﾎｯｶｲﾄﾞｳﾀﾏﾈｷﾞL12ｺ,玉ねぎL12個,玉ねぎ12ｺ,112,399,300,する,する,する,する,001,スポット商品
010,青果物,0033,江口青果株式会社,00350,00,ｷﾞﾌｹﾝｻﾝﾆﾝｼﾞﾝ3ﾎﾝﾊﾟｯｸ,にんじんL3本,ﾆﾝｼﾞﾝ3本,113,172,125,する,する,する,する,001,スポット商品
010,青果物,0033,江口青果株式会社,00329,00,ﾕｷｸﾞﾆﾏｲﾀｹ100g,雪国まいたけ100ｇ,雪国まいた,114,152,105,する,する,する,する,001,スポット商品
010,青果物,0033,江口青果株式会社,00354,00,ﾋｮｳｺﾞｹﾝｻﾝﾚﾀｽｼｭｳL1ﾀﾏ,ﾚﾀｽL 1玉,ﾚﾀｽ1玉,112,358,290,する,する,する,する,001,スポット商品
010,青果物,0033,江口青果株式会社,00355,00,ｱｲﾁｹﾝｻﾝｻﾜｰｷｬﾍﾞﾂ1ｺ,ｻﾜｰｷｬﾍﾞﾂ1個,ｻﾜｰｷｬﾍﾞﾂ,112,265,200,する,する,する,する,001,スポット商品
010,青果物,0033,江口青果株式会社,00351,00,ｺｳﾁｹﾝｻﾝｷｭｳﾘ3ﾎﾝﾊﾟｯｸ,きゅうり3本ﾊﾟｯｸ,ｷｭｳﾘ3本,111,255,168,する,する,する,する,001,スポット商品
010,青果物,0033,江口青果株式会社,00352,00,ｺｳﾁｹﾝｻﾝﾋﾟｰﾏﾝ1ﾊﾟｯｸ,ﾋﾟｰﾏﾝ1袋,ﾋﾟｰﾏﾝ1P,111,131,90,する,する,する,する,001,スポット商品
010,青果物,0033,江口青果株式会社,00353,00,ｱｲﾁｹﾝｻﾝｷｬﾍﾞﾂ1ﾀﾏ,ｷｬﾍﾞﾂ1玉,ｷｬﾍﾞﾂ1玉,112,297,225,する,する,する,する,001,スポット商品
010,青果物,0033,江口青果株式会社,00349,00,ｸﾏﾓﾄｹﾝｻﾝﾅｶﾞﾅｽ2L3ﾎﾝ,長なす秀2L3本,長なす2L,111,286,220,する,する,する,する,001,スポット商品
010,青果物,0033,江口青果株式会社,00346,00,ｱﾒﾘｶｻﾝｸﾞﾚｰﾌﾟﾌﾙｰﾂﾁｭｳﾀﾏ1ｺ,ｸﾞﾚｰﾌﾟﾌﾙｰﾂ中玉　1個,ｸﾞﾚｰﾌﾟF,122,103,80,する,する,する,する,001,スポット商品
010,青果物,0033,江口青果株式会社,00361,00,ﾒｷｼｺｻﾝｶﾎﾞﾁｬ1ｹ,ﾒｷｼｺ産かぼちゃ1ヶ,ｶﾎﾞﾁｬ1ヶ,113,410,270,する,する,する,する,001,スポット商品
010,青果物,0033,江口青果株式会社,00357,00,ｱｲﾁｹﾝｻﾝﾐﾆﾄﾏﾄM,ﾐﾆﾄﾏﾄM,ﾐﾆﾄﾏﾄM,111,235,175,する,する,する,する,001,スポット商品
010,青果物,0033,江口青果株式会社,00358,00,ｺｳﾁｹﾝｻﾝﾆﾗ50g,にら1袋,にら,112,255,200,する,する,する,する,001,スポット商品
010,青果物,0033,江口青果株式会社,00359,00,ｱｵﾓﾘｹﾝｻﾝﾅｶﾞｲﾓ700g,青森県長いも 1本,長いも700g,113,410,300,する,する,する,する,001,スポット商品
010,青果物,0033,江口青果株式会社,00360,00,ﾎｯｶｲﾄﾞｳｻﾝﾒｰｸｲﾝ700gﾌｸﾛ,ﾒｰｸｲﾝ700ｇ袋,ﾒｰｸｲﾝ700ｇ,113,152,85,する,する,する,する,001,スポット商品
010,青果物,0033,江口青果株式会社,00345,00,ｷﾞﾌｹﾝｻﾝﾉｳﾋﾒｲﾁｺﾞ2Lﾊﾟｯｸ,濃姫ｲﾁｺﾞ2Lﾊﾟｯｸ,濃姫2L,121,513,400,する,する,する,する,001,スポット商品
010,青果物,0033,江口青果株式会社,00356,00,ｱｲﾁｹﾝｻﾝﾌﾞﾛｯｺﾘｰL1ｺ,ﾌﾞﾛｯｺﾘｰL1株,ﾌﾞﾛｯｺﾘｰL1,112,297,242,する,する,する,する,001,スポット商品
010,青果物,0033,江口青果株式会社,00347,00,ﾀﾏﾈｷﾞL3ｺ,玉ねぎL3個,ﾀﾏﾈｷﾞ3ｺ,112,163,120,する,する,する,する,001,スポット商品
070,ドライ食品,0033,江口青果株式会社,00363,00,ﾎｯｶｲﾄﾞｳｹﾝｻﾝｷﾝﾄｷﾏﾒ400g,北海道産金時豆400ｇ,金時豆,711,410,300,する,する,する,する,001,スポット商品
010,青果物,0033,江口青果株式会社,00362,00,ﾎｯｶｲﾄﾞｳｱｽﾞｷ400g,北海道産小豆400ｇ,小豆400ｇ,199,410,300,する,する,する,する,001,スポット商品
020,精肉・加工肉,0023,×寺岡畜産,00364,00,ｺｸｻﾝｷﾞｭｳｺﾏﾆｸ100g,国産牛小間肉100ｇ,牛ｺﾏ100ｇ,201,255,200,する,する,する,する,001,スポット商品
020,精肉・加工肉,0023,×寺岡畜産,00365,00,ｺｸｻﾝｷﾞｭｳｺﾏﾆｸ200g,国産牛小間肉200ｇ,牛ｺﾏ200ｇ,201,509,400,する,する,する,する,001,スポット商品
020,精肉・加工肉,0023,×寺岡畜産,00366,00,ｺｸｻﾝｷﾞｭｳﾓﾓﾊﾞﾗｽﾗｲｽ100g,国）牛ﾓﾓ･ﾊﾞﾗS100g,ﾓﾓﾊﾞﾗ100g,201,432,320,する,する,する,する,001,スポット商品
020,精肉・加工肉,0023,×寺岡畜産,00367,00,ｺｸｻﾝｷﾞｭｳﾓﾓﾊﾞﾗｽﾗｲｽ200g,国）牛ﾓﾓ･ﾊﾞﾗS200g,ﾓﾓﾊﾞﾗ200g,201,862,640,する,する,する,する,001,スポット商品
020,精肉・加工肉,0023,×寺岡畜産,00368,00,ｺｸｻﾝｷﾞｭｳﾛｰｽｽﾗｲｽ100g,国産牛ﾛｰｽｽﾗｲｽ100ｇ,ﾛｰｽｽﾗ100ｇ,201,864,640,する,する,する,する,001,スポット商品
020,精肉・加工肉,0023,×寺岡畜産,00369,00,ｺｸｻﾝｷﾞｭｳﾛｰｽｽﾗｲｽ200g,国産牛ﾛｰｽｽﾗｲｽ200ｇ,ﾛｰｽﾗ200ｇ,201,1718,1280,する,する,する,する,001,スポット商品
020,精肉・加工肉,0023,×寺岡畜産,00370,00,ｺｸｻﾝｷﾞｭｳｽｷﾔｷﾖｳ110g,国産牛ﾛｰｽすき焼用110ｇ,ｽｷ焼100ｇ,201,906,704,する,する,する,する,001,スポット商品
020,精肉・加工肉,0023,×寺岡畜産,00371,00,ｺｸｻﾝｽｷﾔｷﾖｳ220g,国産牛ﾛｰｽすき焼用220ｇ,ｽｷ焼220ｇ,201,1800,1408,する,する,する,する,001,スポット商品
020,精肉・加工肉,0023,×寺岡畜産,00372,00,ｵｰｽﾄﾗﾘｱｻﾝｷﾞｭｳﾛｰｽｽｷﾔｷﾖｳ14,Au産牛ﾛｰｽすき焼用140ｇ,ｽｷ焼140ｇ,201,906,672,する,する,する,する,001,スポット商品
020,精肉・加工肉,0023,×寺岡畜産,00373,00,ｵｰｽﾄﾗﾘｱｻﾝｷﾞｭｳｽｷﾔｷ280g,Au産牛ﾛｰｽすき焼用280ｇ,ｽｷ焼280ｇ,201,1800,1344,する,する,する,する,001,スポット商品
020,精肉・加工肉,0023,×寺岡畜産,00374,00,ｵｰｽﾄﾗﾘｱｻﾝｷﾞｭｳﾊﾞﾗﾔｷﾆｸ150g,Au産牛ﾊﾞﾗ焼肉用150ｇ,焼肉150ｇ,201,802,600,する,する,する,する,001,スポット商品
020,精肉・加工肉,0023,×寺岡畜産,00375,00,ｵｰｽﾄﾗﾘｱｻﾝｷﾞｭｳｶｸｷﾘ100g,Au産牛角切100ｇ,牛角切100,201,513,400,する,する,する,する,001,スポット商品
020,精肉・加工肉,0023,×寺岡畜産,00376,00,ｵｰｽﾄﾗﾘｱｻﾝｷﾞｭｳｶｸｷﾘ200g,Au産牛角切200ｇ,牛角切200,201,1008,800,する,する,する,する,001,スポット商品
020,精肉・加工肉,0023,×寺岡畜産,00377,00,ｺｸｻﾝｷﾞｭｳﾌﾞﾀｱｲﾋﾞｷﾆｸ100g,国産牛豚合挽肉100ｇ,合挽100ｇ,201,194,150,する,する,する,する,001,スポット商品
020,精肉・加工肉,0023,×寺岡畜産,00378,00,ｺｸｻﾝﾌﾞﾀｺﾏﾆｸ400g,国産豚小間肉400ｇ,豚小間400,201,597,464,する,する,する,する,001,スポット商品
020,精肉・加工肉,0023,×寺岡畜産,00379,00,ｺkｻﾝﾌﾞﾀｺﾏﾆｸ100g,国産豚小間肉100ｇ,豚ｺﾏ100g,201,152,116,する,する,する,する,001,スポット商品
020,精肉・加工肉,0023,×寺岡畜産,00380,00,ｺｸｻﾝﾌﾞﾀｺﾏﾆｸ200g,国産豚小間肉200ｇ,豚ｺﾏ200ｇ,201,303,232,する,する,する,する,001,スポット商品
020,精肉・加工肉,0023,×寺岡畜産,00382,00,ｺｸｻﾝﾌﾞﾀﾊﾞﾗﾔｷﾆｸﾖｳ100g,国産豚ﾊﾞﾗ焼肉用100ｇ,豚ﾊﾞﾗ100ｇ,201,204,144,する,する,する,する,001,スポット商品
020,精肉・加工肉,0023,×寺岡畜産,00383,00,ｺｸｻﾝﾌﾞﾀﾊﾞﾗﾔｷﾆｸﾖｳ200g,国産豚ﾊﾞﾗ焼肉用200ｇ,豚ﾊﾞﾗ200ｇ,201,399,288,する,する,する,する,001,スポット商品
020,精肉・加工肉,0023,×寺岡畜産,00384,00,ｺｸｻﾝﾌﾞﾀﾓﾓｽﾗｲｽ100g,国産豚ﾓﾓｽﾗｲｽ100ｇ,ﾓﾓｽﾗ100ｇ,201,194,144,する,する,する,する,001,スポット商品
020,精肉・加工肉,0023,×寺岡畜産,00385,00,ｺｸｱｻﾝﾌﾞﾀﾓﾓｽﾗｲｽ200g,国産豚ﾓﾓｽﾗｲｽ200ｇ,ﾓﾓｽﾗ200ｇ,201,386,288,する,する,する,する,001,スポット商品
020,精肉・加工肉,0023,×寺岡畜産,00386,00,ｺｸｻﾝﾌﾞﾀﾓﾓﾋﾄｸﾁｶﾂﾖｳ200g,国産豚ﾓﾓ一口ｶﾂ用200g,ｶﾂ200ｇ,201,368,272,する,する,する,する,001,スポット商品
020,精肉・加工肉,0023,×寺岡畜産,00387,00,ｺｸｻｲﾌﾞﾀｶﾀﾛｰｽｶﾂﾖｳ2ﾏｲ,国産豚肩ﾛｰｽﾄﾝｶﾂ用2枚,ﾛｰｽﾄﾝｶﾂ2,201,388,302.4,する,する,する,する,001,スポット商品
020,精肉・加工肉,0023,×寺岡畜産,00388,00,ｺｸｻﾝﾌﾞﾀｶﾀﾛｰｽﾔｷﾆｸﾖｳ100g,国産豚肩ﾛｰｽ焼肉用100g,豚肩100ｇ,201,224,168,する,する,する,する,001,スポット商品
020,精肉・加工肉,0023,×寺岡畜産,00389,00,ｺｸｻﾝﾌﾞﾀｶﾀﾛｰｽﾔｷﾆｸﾖｳ200g,国産豚肩ﾛｰｽ焼肉用200g,豚肩200ｇ,201,448,336,する,する,する,する,001,スポット商品
020,精肉・加工肉,0023,×寺岡畜産,00390,00,ｺｸｻﾝﾌﾞﾀﾛｰｽﾃｷｶﾂ90*2,国産豚ﾛｰｽﾃｷｶﾂ90g*2枚,ﾄﾝｶﾂ2枚,201,471,345.6,する,する,する,する,001,スポット商品
020,精肉・加工肉,0023,×寺岡畜産,00391,00,ｺｸｻﾝﾌﾞﾀﾛｰｽﾃｷｶﾂ90*3,国産豚ﾛｰｽﾃｷｶﾂ90g*3枚,ﾃｷｶﾂ3枚,201,699,518.4,する,する,する,する,001,スポット商品
020,精肉・加工肉,0023,×寺岡畜産,00392,00,ｺｸｻﾝﾌﾞﾀﾛｰｽｽﾗｲｽ100g,国産豚ﾛｰｽｽﾗｲｽ100ｇ,ﾛｰｽﾗ100ｇ,201,265,192,する,する,する,する,001,スポット商品
020,精肉・加工肉,0023,×寺岡畜産,00393,00,ｺｸｻﾝﾌﾞﾀﾛｰｽｽﾗｲｽ200g,国産豚ﾛｰｽｽﾗｲｽ200ｇ,ﾛｰｽﾗ200ｇ,201,513,384,する,する,する,する,001,スポット商品
020,精肉・加工肉,0023,×寺岡畜産,00394,00,ｺｸｻﾝﾌﾞﾀﾓﾓｶｸｷﾘ100g,国産豚もも角切100ｇ,豚角切100,201,183,136,する,する,する,する,001,スポット商品
020,精肉・加工肉,0023,×寺岡畜産,00395,00,ｺｸｻﾝﾌﾞﾀﾓﾓｶｸｷﾘ200g,国産豚もも角切200ｇ,豚角切200,201,366,272,する,する,する,する,001,スポット商品
020,精肉・加工肉,0023,×寺岡畜産,00396,00,ｺｸｻﾝﾌﾞﾀﾛｰｽｽﾗｲｽ300,国産豚ﾛｰｽｽﾗｲｽ300ｇ,ﾛｰｽﾗ300g,201,759,576,する,する,する,する,001,スポット商品
020,精肉・加工肉,0023,×寺岡畜産,00397,00,ｺｸｻﾝﾌﾞﾀﾓﾓｽﾗｲｽ300g,国産豚ﾓﾓｽﾗｲｽ300ｇ,ﾓﾓｽﾗ300g,201,574,432,する,する,する,する,001,スポット商品
020,精肉・加工肉,0023,×寺岡畜産,00398,00,ｺｸｻﾝﾜｶﾄﾞﾘﾓﾓﾆｸ200g,国産若鶏ﾓﾓ肉200ｇ,若鶏ﾓﾓ200,201,265,192,する,する,する,する,001,スポット商品
020,精肉・加工肉,0023,×寺岡畜産,00399,00,ｺｸｻﾝﾜｶﾄﾞﾘﾓﾓﾆｸ300g,国産若鶏ﾓﾓ肉300ｇ,若鶏ﾓﾓ300,201,388,288,する,する,する,する,001,スポット商品
020,精肉・加工肉,0023,×寺岡畜産,00401,00,ｺｸｻﾝﾜｶﾄﾞﾘﾓﾓﾆｸ500g,国産若鶏ﾓﾓ肉500ｇ,若鶏ﾓﾓ500,201,615,480,する,する,する,する,001,スポット商品
020,精肉・加工肉,0023,×寺岡畜産,00402,00,ｺｸｻﾝﾜｶﾄﾞﾘﾑﾈﾆｸ200g,国産若鶏ﾑﾈ肉200ｇ,ﾑﾈ200,201,172,128,する,する,する,する,001,スポット商品
020,精肉・加工肉,0023,×寺岡畜産,00403,00,ｺｸｻﾝﾜｶﾄﾞﾘﾃﾊﾞﾑﾈﾆｸ300g,国産若鶏手羽ﾑﾈ肉300ｇ,手羽ﾑﾈ300,201,255,192,する,する,する,する,001,スポット商品
020,精肉・加工肉,0023,×寺岡畜産,00405,00,ｺｸｻﾝﾜｶﾄﾞﾘﾃﾊﾞﾑﾈﾆｸ500g,国産若鶏手羽ﾑﾈ肉500ｇ,手羽ﾑﾈ500,201,410,320,する,する,する,する,001,スポット商品
020,精肉・加工肉,0023,×寺岡畜産,00406,00,ｺｸｻﾝﾜｶﾄﾞﾘﾓﾓﾆｸﾄﾘﾔｻｲﾖｳ200g,国)若鶏ﾓﾓ肉鳥唐揚200g,鳥野菜200,201,276,208,する,する,する,する,001,スポット商品
020,精肉・加工肉,0023,×寺岡畜産,00407,00,ｺｸｻﾝﾜｶﾄﾞﾘﾄﾘﾔｻｲﾖｳ300g,国産若鶏ﾓﾓ鳥野菜300ｇ,ﾄﾘﾔｻｲ300,201,410,312,する,する,する,する,001,スポット商品
020,精肉・加工肉,0023,×寺岡畜産,00408,00,ｺｸｻﾝﾜｶﾄﾞﾘﾄﾘﾔｻｲ400g,国産若鶏ﾓﾓ鳥野菜400g,ﾄﾘﾔｻｲ400,201,543,416,する,する,する,する,001,スポット商品
020,精肉・加工肉,0024,日本ﾊﾑ東販売㈱金沢営業所,00410,00,ﾆﾁﾊﾑｼﾝｾﾝｾｲｶﾂﾛｰｽﾊﾑ40g*3,日ﾊ新鮮生活ﾛｰｽﾊﾑ40*3,新ﾊﾑ40g*3,202,306,178,する,する,する,する,001,スポット商品
020,精肉・加工肉,0024,日本ﾊﾑ東販売㈱金沢営業所,00411,00,ﾆﾁﾊﾑﾓﾘﾉｶｵﾘﾛｰｽﾊﾑ60g,日ﾊ森の薫りﾛｰｽﾊﾑ60ｇ,薫ﾊﾑ60ｇ,202,204,118,する,する,する,する,001,スポット商品
020,精肉・加工肉,0024,日本ﾊﾑ東販売㈱金沢営業所,00414,00,ﾆﾁﾊﾑﾓﾘﾉｶｵﾘﾊｰﾌﾍﾞｰｺﾝ50g,日ﾊ森薫ﾘﾊｰﾌﾍﾞｰｺﾝ50ｇ,薫ﾊｰﾌﾍﾞ50,202,204,118,する,する,する,する,001,スポット商品
020,精肉・加工肉,0024,日本ﾊﾑ東販売㈱金沢営業所,00415,00,ﾆﾁﾊﾑｸﾞﾙﾒｲﾄﾞｽﾃｰｷ208g,日ﾊｸﾞﾙﾒｲﾄﾞｽﾃｰｷ208ｇ,ｸﾞﾙｽﾃｰｷ,202,513,298,する,する,する,する,001,スポット商品
020,精肉・加工肉,0024,日本ﾊﾑ東販売㈱金沢営業所,00416,00,ﾆﾁﾊﾑﾓﾘﾉｶｵﾘｼﾝｱﾗﾋﾞｷｳｲﾝﾅｰ,日ﾊ新ｱﾗﾋﾞｷｳｲﾝﾅｰ97ｇ*2,ｱﾗﾋﾞｷ97*2,202,379,238,する,する,する,する,001,スポット商品
020,精肉・加工肉,0024,日本ﾊﾑ東販売㈱金沢営業所,00417,00,ﾆﾁﾊﾑｼｬｳｴｯｾﾝ138g*2,日ﾊｼｬｳｴｯｾﾝ138ｇ*2,ｼｬｳｴ*2,202,513,358,する,する,する,する,001,スポット商品
020,精肉・加工肉,0024,日本ﾊﾑ東販売㈱金沢営業所,00418,00,ﾆﾁﾊﾑｼｬｳｴｯｾﾝ138g,日ﾊｼｬｳｴｯｾﾝ138ｇ,ｼｬｳ138ｇ,202,257,179,する,する,する,する,001,スポット商品
020,精肉・加工肉,0024,日本ﾊﾑ東販売㈱金沢営業所,00419,00,ﾆﾁﾊﾑｳｲﾆｰﾐﾆ80g,日ﾊｳｲﾆｰﾐﾆ80ｇ,ｳｲﾆｰﾐﾆ,202,172,100,する,する,する,する,001,スポット商品
020,精肉・加工肉,0024,日本ﾊﾑ東販売㈱金沢営業所,00420,00,ﾆﾁﾊﾑﾔﾜﾗｶﾂｸﾘﾔｷﾌﾞﾀ180g,日ﾊやわらかﾂｸﾘ焼豚180g,焼豚180ｇ,202,338,238,する,する,する,する,001,スポット商品
020,精肉・加工肉,0024,日本ﾊﾑ東販売㈱金沢営業所,00421,00,ﾁﾖﾀﾞｼｮｸﾋﾝｵｻｶﾅｿｰｾｰｼﾞ4ﾎﾝﾀﾊ,ﾁﾖﾀﾞ食品ﾌｨｯｼｭｿｰｾｰｼﾞ4本,魚ｿｰｾｰｼﾞ,202,306,178,する,する,する,する,001,スポット商品
030,鮮魚・塩干魚,0034,×北陸ﾘｮｰｼｮｸ,01998,00,ｼﾝﾏﾂﾇｶｲﾜｼ2ﾏｲ200g,新松糠ｲﾜｼ2枚ﾊﾟｯｸ200ｇ,糠ｲﾜｼ200ｇ,301,297,190,する,する,する,する,001,スポット商品
030,鮮魚・塩干魚,0034,×北陸ﾘｮｰｼｮｸ,00423,00,ﾇｶｻﾊﾞ2ﾏｲﾊﾟｯｸ195g,新松糠ｻﾊﾞ2枚ﾊﾟｯｸ195ｇ,糠ｻﾊﾞ195ｇ,301,379,246,する,する,する,する,001,スポット商品
030,鮮魚・塩干魚,0034,×北陸ﾘｮｰｼｮｸ,00425,00,ﾀﾑﾗﾊﾁﾒﾐﾘﾝｶﾀﾐ2ﾏｲ,田村ﾊﾁﾒみりん肩身2枚,ﾊﾁﾒみりん,301,502,325,する,する,する,する,001,スポット商品
030,鮮魚・塩干魚,0034,×北陸ﾘｮｰｼｮｸ,00426,00,ﾀﾑﾗﾋﾗｷｱｼﾞﾊﾟｯｸ2ﾏｲ,田村開きあじﾊﾟｯｸ2枚,開きあじ,301,379,246,する,する,する,する,001,スポット商品
030,鮮魚・塩干魚,0034,×北陸ﾘｮｰｼｮｸ,00427,00,ﾀﾑﾗｲｶﾐﾘﾝﾊﾟｯｸ2ｲﾘ,田村いかみりんﾊﾟｯｸ2入,いかみりん,301,347,224,する,する,する,する,001,スポット商品
030,鮮魚・塩干魚,0034,×北陸ﾘｮｰｼｮｸ,00424,00,ﾀﾑﾗﾏﾙﾎﾞｼｲｶ2ｲﾘ,田村丸干しいか2入,丸干ｲｶ,301,471,302,する,する,する,する,001,スポット商品
040,デリカ,0029,志のぶ商事㈱北陸支店,00428,00,ｷﾀﾆﾎﾝｽｲﾊﾝﾃﾏｷｵﾆｷﾞﾘｻｹ,(北)手巻おにぎり･さけ,さけ,402,103,68,する,する,する,する,001,スポット商品
040,デリカ,0029,志のぶ商事㈱北陸支店,00429,00,ｷﾀﾆﾎﾝｽｲﾊﾝﾃﾏｷｵﾆｷﾞﾘｵｶｶ,(北)手巻おにぎり･おかか,おかか,402,103,68,する,する,する,する,001,スポット商品
040,デリカ,0029,志のぶ商事㈱北陸支店,00430,00,ｷﾀﾆﾎﾝｽｲﾊﾝﾃﾏｷｵﾆｷﾞﾘｺﾝﾌﾞ,(北)手巻おにぎり･こんぶ,こんぶ,402,103,68,する,する,する,する,001,スポット商品
040,デリカ,0029,志のぶ商事㈱北陸支店,00431,00,ｷﾀﾆﾎﾝｽｲﾊﾝﾃﾏｷｵﾆｷﾞﾘｳﾒ,(北)手巻おにぎり･うめ,うめ,402,103,68,する,する,する,する,001,スポット商品
