9200907,ｲｼｶﾜｹﾝ,ｶﾅｻﾞﾜｼ,ｱｵｸｻﾏﾁ,石川県,金沢市,青草町,0,配達適用外地域,無し,,,,,,,,,,,,
9201322,ｲｼｶﾜｹﾝ,ｶﾅｻﾞﾜｼ,ｱｵﾀﾞﾆﾏﾁ,石川県,金沢市,相合谷町,0,配達適用外地域,無し,,,,,,,,,,,,
9200926,ｲｼｶﾜｹﾝ,ｶﾅｻﾞﾜｼ,ｱｶﾂｷﾏﾁ,石川県,金沢市,暁町,8,平和町,火金,,,,,,,,,,,,
9200353,ｲｼｶﾜｹﾝ,ｶﾅｻﾞﾜｼ,ｱｶﾂﾁﾏﾁ,石川県,金沢市,赤土町,5,金石,月木,,,,,,,,,,,,
9200111,ｲｼｶﾜｹﾝ,ｶﾅｻﾞﾜｼ,ｱｻｵｶﾏﾁ,石川県,金沢市,浅丘町,0,配達適用外地域,無し,,,,,,,,,,,,
9201132,ｲｼｶﾜｹﾝ,ｶﾅｻﾞﾜｼ,ｱｻｶﾔﾏﾁ,石川県,金沢市,朝加屋町,0,配達適用外地域,無し,,,,,,,,,,,,
9201145,ｲｼｶﾜｹﾝ,ｶﾅｻﾞﾜｼ,ｱｻｶﾜﾏﾁ,石川県,金沢市,浅川町,0,配達適用外地域,無し,,,,,,,,,,,,
9200841,ｲｼｶﾜｹﾝ,ｶﾅｻﾞﾜｼ,ｱｻﾉﾎﾝﾏﾁ,石川県,金沢市,浅野本町,0,配達適用外地域,無し,,,,,,,,,,,,
9200126,ｲｼｶﾜｹﾝ,ｶﾅｻﾞﾜｼ,ｱｻﾋﾏｷﾏﾁ,石川県,金沢市,朝日牧町,4,田上,火金,,,,,,,,,,,,
9200941,ｲｼｶﾜｹﾝ,ｶﾅｻﾞﾜｼ,ｱｻﾋﾏﾁ,石川県,金沢市,旭町,4,田上,火金,,,,,,,,,,,,
9201107,ｲｼｶﾜｹﾝ,ｶﾅｻﾞﾜｼ,ｱｽﾞｷｻﾞﾜﾏﾁ,石川県,金沢市,小豆沢町,0,配達適用外地域,無し,,,,,,,,,,,,
9200996,ｲｼｶﾜｹﾝ,ｶﾅｻﾞﾜｼ,ｱﾌﾞﾗｸﾞﾙﾏ,石川県,金沢市,油車,0,配達適用外地域,無し,,,,,,,,,,,,
9201331,ｲｼｶﾜｹﾝ,ｶﾅｻﾞﾜｼ,ｱﾏｲｹﾏﾁ,石川県,金沢市,天池町,0,配達適用外地域,無し,,,,,,,,,,,,
9203124,ｲｼｶﾜｹﾝ,ｶﾅｻﾞﾜｼ,ｱﾗﾔ,石川県,金沢市,荒屋,0,配達適用外地域,無し,,,,,,,,,,,,
9203125,ｲｼｶﾜｹﾝ,ｶﾅｻﾞﾜｼ,ｱﾗﾔﾏﾁ,石川県,金沢市,荒屋町,0,配達適用外地域,無し,,,,,,,,,,,,
9201101,ｲｼｶﾜｹﾝ,ｶﾅｻﾞﾜｼ,ｱﾗﾔﾏﾏﾁ,石川県,金沢市,荒山町,0,配達適用外地域,無し,,,,,,,,,,,,
9218161,ｲｼｶﾜｹﾝ,ｶﾅｻﾞﾜｼ,ｱﾘﾏﾂ,石川県,金沢市,有松,6,弥生,火金,,,,,,,,,,,,
9200226,ｲｼｶﾜｹﾝ,ｶﾅｻﾞﾜｼ,ｱﾜｶﾞｻｷﾏﾁ,石川県,金沢市,粟崎町,7,諸江,月木,,,,,,,,,,,,
9200227,ｲｼｶﾜｹﾝ,ｶﾅｻﾞﾜｼ,ｱﾜｶﾞｻｷﾊﾏﾏﾁ,石川県,金沢市,粟崎浜町,7,諸江,月木,,,,,,,,,,,,
9200983,ｲｼｶﾜｹﾝ,ｶﾅｻﾞﾜｼ,ｲｹﾀﾞﾏﾁ1ﾊﾞﾝﾁｮｳ,石川県,金沢市,池田町一番丁,8,平和町,火金,,,,,,,,,,,,
9200984,ｲｼｶﾜｹﾝ,ｶﾅｻﾞﾜｼ,ｲｹﾀﾞﾏﾁ2ﾊﾞﾝﾁｮｳ,石川県,金沢市,池田町二番丁,8,平和町,火金,,,,,,,,,,,,
9200985,ｲｼｶﾜｹﾝ,ｶﾅｻﾞﾜｼ,ｲｹﾀﾞﾏﾁ3ﾊﾞﾝﾁｮｳ,石川県,金沢市,池田町三番丁,8,平和町,火金,,,,,,,,,,,,
9200986,ｲｼｶﾜｹﾝ,ｶﾅｻﾞﾜｼ,ｲｹﾀﾞﾏﾁ4ﾊﾞﾝﾁｮｳ,石川県,金沢市,池田町四番丁,8,平和町,火金,,,,,,,,,,,,
9200987,ｲｼｶﾜｹﾝ,ｶﾅｻﾞﾜｼ,ｲｹﾀﾞﾏﾁﾀﾃﾁｮｳ,石川県,金沢市,池田町立丁,8,平和町,火金,,,,,,,,,,,,
9201115,ｲｼｶﾜｹﾝ,ｶﾅｻﾞﾜｼ,ｲｼｸﾞﾛﾏﾁ,石川県,金沢市,石黒町,0,配達適用外地域,無し,,,,,,,,,,,,
9200935,ｲｼｶﾜｹﾝ,ｶﾅｻﾞﾜｼ,ｲｼﾋﾞｷ,石川県,金沢市,石引,8,平和町,火金,,,,,,,,,,,,
9218041,ｲｼｶﾜｹﾝ,ｶﾅｻﾞﾜｼ,ｲｽﾞﾐ,石川県,金沢市,泉,8,平和町,火金,,,,,,,,,,,,
9218035,ｲｼｶﾜｹﾝ,ｶﾅｻﾞﾜｼ,ｲｽﾞﾐｶﾞｵｶ,石川県,金沢市,泉が丘,8,平和町,火金,,,,,,,,,,,,
9218116,ｲｼｶﾜｹﾝ,ｶﾅｻﾞﾜｼ,ｲｽﾞﾐﾉﾃﾞﾏﾁ,石川県,金沢市,泉野出町,8,平和町,火金,,,,,,,,,,,,
9218034,ｲｼｶﾜｹﾝ,ｶﾅｻﾞﾜｼ,ｲｽﾞﾐﾉﾏﾁ,石川県,金沢市,泉野町,6,弥生,火金,,,,,,,,,,,,
9218042,ｲｼｶﾜｹﾝ,ｶﾅｻﾞﾜｼ,ｲｽﾞﾐﾎﾝﾏﾁ,石川県,金沢市,泉本町,6,弥生,火金,,,,,,,,,,,,
9200056,ｲｼｶﾜｹﾝ,ｶﾅｻﾞﾜｼ,ｲｽﾞﾓﾏﾁ,石川県,金沢市,出雲町,3,戸板,月木,,,,,,,,,,,,
9200012,ｲｼｶﾜｹﾝ,ｶﾅｻﾞﾜｼ,ｲｿﾍﾞﾏﾁ,石川県,金沢市,磯部町,7,諸江,月木,,,,,,,,,,,,
9201116,ｲｼｶﾜｹﾝ,ｶﾅｻﾞﾜｼ,ｲﾀｶﾞﾔﾏﾁ,石川県,金沢市,板ケ谷町,0,配達適用外地域,無し,,,,,,,,,,,,
9200145,ｲｼｶﾜｹﾝ,ｶﾅｻﾞﾜｼ,ｲﾁﾉｾﾏﾁ,石川県,金沢市,市瀬町,0,配達適用外地域,無し,,,,,,,,,,,,
9218014,ｲｼｶﾜｹﾝ,ｶﾅｻﾞﾜｼ,ｲﾄﾀﾞ,石川県,金沢市,糸田,6,弥生,火金,,,,,,,,,,,,
9218026,ｲｼｶﾜｹﾝ,ｶﾅｻﾞﾜｼ,ｲﾄﾀﾞｼﾝﾏﾁ,石川県,金沢市,糸田新町,6,弥生,火金,,,,,,,,,,,,
9200378,ｲｼｶﾜｹﾝ,ｶﾅｻﾞﾜｼ,ｲﾅﾎ,石川県,金沢市,いなほ,51,松任,水土,,,,,,,,,,,,
9200994,ｲｼｶﾜｹﾝ,ｶﾅｻﾞﾜｼ,ｲﾊﾞﾗｷﾞﾁｮｳ,石川県,金沢市,茨木町,0,配達適用外地域,無し,,,,,,,,,,,,
9200125,ｲｼｶﾜｹﾝ,ｶﾅｻﾞﾜｼ,ｲﾏｲｽﾞﾐﾏﾁ,石川県,金沢市,今泉町,0,配達適用外地域,無し,,,,,,,,,,,,
9200008,ｲｼｶﾜｹﾝ,ｶﾅｻﾞﾜｼ,ｲﾏｼｮｳﾏﾁ,石川県,金沢市,今昭町,0,配達適用外地域,無し,,,,,,,,,,,,
9200106,ｲｼｶﾜｹﾝ,ｶﾅｻﾞﾜｼ,ｲﾏﾏﾁ,石川県,金沢市,今町,0,配達適用外地域,無し,,,,,,,,,,,,
9218011,ｲｼｶﾜｹﾝ,ｶﾅｻﾞﾜｼ,ｲﾘｴ,石川県,金沢市,入江,6,弥生,火金,,,,,,,,,,,,
9200171,ｲｼｶﾜｹﾝ,ｶﾅｻﾞﾜｼ,ｲﾜﾃﾞﾏﾁ,石川県,金沢市,岩出町,0,配達適用外地域,無し,,,,,,,,,,,,
9200943,ｲｼｶﾜｹﾝ,ｶﾅｻﾞﾜｼ,ｳｴﾉﾎﾝﾏﾁ,石川県,金沢市,上野本町,0,配達適用外地域,無し,,,,,,,,,,,,
9201113,ｲｼｶﾜｹﾝ,ｶﾅｻﾞﾜｼ,ｳｴﾔﾏﾏﾁ,石川県,金沢市,上山町,0,配達適用外地域,無し,,,,,,,,,,,,
9201111,ｲｼｶﾜｹﾝ,ｶﾅｻﾞﾜｼ,ｳｵｶﾞｴﾘﾏﾁ,石川県,金沢市,魚帰町,0,配達適用外地域,無し,,,,,,,,,,,,
9200837,ｲｼｶﾜｹﾝ,ｶﾅｻﾞﾜｼ,ｳｸﾞｲｽﾏﾁ,石川県,金沢市,鶯町,0,配達適用外地域,無し,,,,,,,,,,,,
9200832,ｲｼｶﾜｹﾝ,ｶﾅｻﾞﾜｼ,ｳﾀﾂﾏﾁ,石川県,金沢市,卯辰町,0,配達適用外地域,無し,,,,,,,,,,,,
9201149,ｲｼｶﾜｹﾝ,ｶﾅｻﾞﾜｼ,ｳﾁｵﾏﾁ,石川県,金沢市,打尾町,0,配達適用外地域,無し,,,,,,,,,,,,
9200377,ｲｼｶﾜｹﾝ,ｶﾅｻﾞﾜｼ,ｳﾂｷﾞﾏﾁ,石川県,金沢市,打木町,5,金石,月木,,,,,,,,,,,,
9200343,ｲｼｶﾜｹﾝ,ｶﾅｻﾞﾜｼ,ｳﾈﾀﾞﾅｶ,石川県,金沢市,畝田中,5,金石,月木,,,,,,,,,,,,
9200342,ｲｼｶﾜｹﾝ,ｶﾅｻﾞﾜｼ,ｳﾈﾀﾞﾏﾁ,石川県,金沢市,畝田町,3,戸板,月木,,,,,,,,,,,,
9200344,ｲｼｶﾜｹﾝ,ｶﾅｻﾞﾜｼ,ｳﾈﾀﾞﾋｶﾞｼ,石川県,金沢市,畝田東,3,戸板,月木,,,,,,,,,,,,
9200342,ｲｼｶﾜｹﾝ,ｶﾅｻﾞﾜｼ,ｳﾈﾀﾞﾆｼ,石川県,金沢市,畝田西,3,戸板,月木,,,,,,,,,,,,
9203111,ｲｼｶﾜｹﾝ,ｶﾅｻﾞﾜｼ,ｳﾒﾀﾞﾏﾁ,石川県,金沢市,梅田町,0,配達適用外地域,無し,,,,,,,,,,,,
9200971,ｲｼｶﾜｹﾝ,ｶﾅｻﾞﾜｼ,ｳﾛｺﾏﾁ,石川県,金沢市,鱗町,8,平和町,火金,,,,,,,,,,,,
9200122,ｲｼｶﾜｹﾝ,ｶﾅｻﾞﾜｼ,ｳﾜﾀﾞｲﾗﾏﾁ,石川県,金沢市,上平町,0,配達適用外地域,無し,,,,,,,,,,,,
9201301,ｲｼｶﾜｹﾝ,ｶﾅｻﾞﾜｼ,ｴｲｱﾝﾁｮｳ,石川県,金沢市,永安町,4,田上,火金,,,,,,,,,,,,
9200027,ｲｼｶﾜｹﾝ,ｶﾅｻﾞﾜｼ,ｴｷﾆｼｼﾝﾏﾁ,石川県,金沢市,駅西新町,3,戸板,月木,,,,,,,,,,,,
9200025,ｲｼｶﾜｹﾝ,ｶﾅｻﾞﾜｼ,ｴｷﾆｼﾎﾝﾏﾁ,石川県,金沢市,駅西本町,3,戸板,月木,,,,,,,,,,,,
9200973,ｲｼｶﾜｹﾝ,ｶﾅｻﾞﾜｼ,ｴﾀﾞﾏﾁ,石川県,金沢市,枝町,8,平和町,火金,,,,,,,,,,,,
9200112,ｲｼｶﾜｹﾝ,ｶﾅｻﾞﾜｼ,ｴﾉｷｵﾏﾁ,石川県,金沢市,榎尾町,0,配達適用外地域,無し,,,,,,,,,,,,
9218173,ｲｼｶﾜｹﾝ,ｶﾅｻﾞﾜｼ,ｴﾝｺｳｼﾞ,石川県,金沢市,円光寺,1,額,月木,,,,,,,,,,,,
9218176,ｲｼｶﾜｹﾝ,ｶﾅｻﾞﾜｼ,ｴﾝｺｳｼﾞﾎﾝﾏﾁ,石川県,金沢市,円光寺本町,1,額,月木,,,,,,,,,,,,
9200162,ｲｼｶﾜｹﾝ,ｶﾅｻﾞﾜｼ,ｵｲｹﾏﾁ,石川県,金沢市,小池町,0,配達適用外地域,無し,,,,,,,,,,,,
9200927,ｲｼｶﾜｹﾝ,ｶﾅｻﾞﾜｼ,ｵｳｷﾞﾏﾁ,石川県,金沢市,扇町,0,配達適用外地域,無し,,,,,,,,,,,,
9200205,ｲｼｶﾜｹﾝ,ｶﾅｻﾞﾜｼ,ｵｵｳﾗﾏﾁ,石川県,金沢市,大浦町,0,配達適用外地域,無し,,,,,,,,,,,,
9218045,ｲｼｶﾜｹﾝ,ｶﾅｻﾞﾜｼ,ｵｵｸﾜ,石川県,金沢市,大桑,4,田上,火金,,,,,,,,,,,,
9200945,ｲｼｶﾜｹﾝ,ｶﾅｻﾞﾜｼ,ｵｵｸﾜｼﾝﾏﾁ,石川県,金沢市,大桑新町,4,田上,火金,,,,,,,,,,,,
9218046,ｲｼｶﾜｹﾝ,ｶﾅｻﾞﾜｼ,ｵｵｸﾜﾏﾁ(ｱ､ｲ､ｲ､ｳ､ｳｴﾉ､ｵ､ｵｵﾂ､ｶﾈﾂｷﾔﾏ､ｶﾐｶﾜﾗ､ｶﾐﾈｺｼﾀ､,石川県,金沢市,大桑町（ア、イ、ヰ、ウ、上野、ヲ、オ乙、鐘搗山、上川原、上猫下、,8,平和町,火金,,,,,,,,,,,,
9218046,ｲｼｶﾜｹﾝ,ｶﾅｻﾞﾜｼ,ｸ､ｹ､ｺﾞｼｮｶﾞﾀﾞﾆ､ｺﾃﾞﾗﾔﾏ､ｼ､ｼﾓｳｴﾉ､ｼﾓﾆｼｶﾞｹ､ﾀﾞｲﾗ､ﾁ､ﾂｵﾂ､ﾂﾍｲ､ﾃ､ﾄ､,石川県,金沢市,ク、ケ、御所谷、小寺山、シ、下上野、下西欠、平、チ、ツ乙、ツ丙、テ、ト、,0,配達適用外地域,無し,,,,,,,,,,,,
9218046,ｲｼｶﾜｹﾝ,ｶﾅｻﾞﾜｼ,ﾅｶｳｴﾉ､ﾅｶｵﾔﾏ､ﾅｶﾀﾞｲﾗ､ﾅｶﾉｵｵﾋﾗ､ﾆｼﾉﾔﾏ､ﾈｺﾉｼﾀｲ､ﾉ､ﾊ､ﾋﾗｷ､,石川県,金沢市,中上野、中尾山、中平、中ノ大平、西ノ山、猫シタイ、ノ、ハ、開、,0,配達適用外地域,無し,,,,,,,,,,,,
9218046,ｲｼｶﾜｹﾝ,ｶﾅｻﾞﾜｼ,ﾎｳｼﾔﾏ､ﾎﾞｳﾔﾏ､ﾏ､ﾏｽｶﾜﾌﾞﾁ､ﾑ､ﾓﾄｽｴ､ﾓﾄﾜｸﾅﾐｺｳ､ﾔ､ﾘ､ﾙ､ﾚｵﾂ､,石川県,金沢市,法師山、坊山、マ、鱒川淵、ム、元末、元涌波庚、ヤ、リ、ル、レ乙、,0,配達適用外地域,無し,,,,,,,,,,,,
9218046,ｲｼｶﾜｹﾝ,ｶﾅｻﾞﾜｼ,ﾚｺｳ､ﾛｵﾂ､ﾛｺｳ､ﾜ),石川県,金沢市,レ甲、ロ乙、ロ甲、和）,0,配達適用外地域,無し,,,,,,,,,,,,
9200946,ｲｼｶﾜｹﾝ,ｶﾅｻﾞﾜｼ,ｵｵｸﾜﾏﾁ(ｶ､ｺ､ｻｵﾂ､ｻｺｳ､ｿ､ﾀ､ﾂｺｳ､ﾅ､ﾒ､ﾕ､ﾖ､,石川県,金沢市,大桑町（カ、コ、サ乙、サ甲、ソ、タ、ツ甲、ナ、メ、ユ、ヨ、,8,平和町,火金,,,,,,,,,,,,
9200946,ｲｼｶﾜｹﾝ,ｶﾅｻﾞﾜｼ,ﾗ､ﾜ､ｱﾅｶﾞｹ､ｱﾅﾌﾞﾁｶﾞｹ､ﾈ､ｺｳ､ﾖｼｼﾞﾏ､ｼﾓﾖｼｼﾞﾏｶﾞｹ),石川県,金沢市,ラ、ワ、穴欠、穴淵欠、子、庚、葭島、下葭島欠）,0,配達適用外地域,無し,,,,,,,,,,,,
9200912,ｲｼｶﾜｹﾝ,ｶﾅｻﾞﾜｼ,ｵｵﾃﾏﾁ,石川県,金沢市,大手町,0,配達適用外地域,無し,,,,,,,,,,,,
9208205,ｲｼｶﾜｹﾝ,ｶﾅｻﾞﾜｼ,ｵｵﾄﾓ,石川県,金沢市,大友,7,諸江,月木,,,,,,,,,,,,
9208222,ｲｼｶﾜｹﾝ,ｶﾅｻﾞﾜｼ,ｵｵﾄﾓﾏﾁ,石川県,金沢市,大友町,7,諸江,月木,,,,,,,,,,,,
9218147,ｲｼｶﾜｹﾝ,ｶﾅｻﾞﾜｼ,ｵｵﾇｶ,石川県,金沢市,大額,1,額,月木,,,,,,,,,,,,
9218143,ｲｼｶﾜｹﾝ,ｶﾅｻﾞﾜｼ,ｵｵﾇｶﾏﾁ,石川県,金沢市,大額町,1,額,月木,,,,,,,,,,,,
9200231,ｲｼｶﾜｹﾝ,ｶﾅｻﾞﾜｼ,ｵｵﾉﾏﾁ(ｿ､ﾀ､ﾇ､ﾖ､ﾚ),石川県,金沢市,大野町（ソ、タ、ヌ、ヨ、レ）,5,金石,月木,,,,,,,,,,,,
9200331,ｲｼｶﾜｹﾝ,ｶﾅｻﾞﾜｼ,ｵｵﾉﾏﾁ(ｿﾉﾀ),石川県,金沢市,大野町（その他）,5,金石,月木,,,,,,,,,,,,
9200225,ｲｼｶﾜｹﾝ,ｶﾅｻﾞﾜｼ,ｵｵﾉﾏﾁｼﾝﾏﾁ,石川県,金沢市,大野町新町,5,金石,月木,,,,,,,,,,,,
9203121,ｲｼｶﾜｹﾝ,ｶﾅｻﾞﾜｼ,ｵｵﾊﾞﾏﾁ,石川県,金沢市,大場町,0,配達適用外地域,無し,,,,,,,,,,,,
9200818,ｲｼｶﾜｹﾝ,ｶﾅｻﾞﾜｼ,ｵｵﾋﾏﾁ,石川県,金沢市,大樋町,0,配達適用外地域,無し,,,,,,,,,,,,
9201335,ｲｼｶﾜｹﾝ,ｶﾅｻﾞﾜｼ,ｵｵﾋﾗｿｳﾏﾁ,石川県,金沢市,大平沢町,0,配達適用外地域,無し,,,,,,,,,,,,
9200013,ｲｼｶﾜｹﾝ,ｶﾅｻﾞﾜｼ,ｵｷﾏﾁ,石川県,金沢市,沖町,0,配達適用外地域,無し,,,,,,,,,,,,
9201101,ｲｼｶﾜｹﾝ,ｶﾅｻﾞﾜｼ,ｵｸｼﾝﾎﾞﾏﾁ,石川県,金沢市,奥新保町,0,配達適用外地域,無し,,,,,,,,,,,,
9200213,ｲｼｶﾜｹﾝ,ｶﾅｻﾞﾜｼ,ｵｺﾊﾞﾀﾏﾁ,石川県,金沢市,大河端町,7,諸江,月木,,,,,,,,,,,,
9218056,ｲｼｶﾜｹﾝ,ｶﾅｻﾞﾜｼ,ｵｼﾉ,石川県,金沢市,押野,6,弥生,火金,,,,,,,,,,,,
9201324,ｲｼｶﾜｹﾝ,ｶﾅｻﾞﾜｼ,ｵｼﾊﾗﾏﾁ,石川県,金沢市,鴛原町,0,配達適用外地域,無し,,,,,,,,,,,,
9200807,ｲｼｶﾜｹﾝ,ｶﾅｻﾞﾜｼ,ｵﾄﾏﾙﾏﾁ,石川県,金沢市,乙丸町,0,配達適用外地域,無し,,,,,,,,,,,,
9201343,ｲｼｶﾜｹﾝ,ｶﾅｻﾞﾜｼ,ｵﾊﾗﾏﾁ,石川県,金沢市,小原町,0,配達適用外地域,無し,,,,,,,,,,,,
9201111,ｲｼｶﾜｹﾝ,ｶﾅｻﾞﾜｼ,ｵﾋﾞｼｹﾏﾁ,石川県,金沢市,大菱池町,0,配達適用外地域,無し,,,,,,,,,,,,
9200918,ｲｼｶﾜｹﾝ,ｶﾅｻﾞﾜｼ,ｵﾔﾏﾏﾁ,石川県,金沢市,尾山町,0,配達適用外地域,無し,,,,,,,,,,,,
9201112,ｲｼｶﾜｹﾝ,ｶﾅｻﾞﾜｼ,ｵﾘﾀﾆﾏﾁ,石川県,金沢市,折谷町,0,配達適用外地域,無し,,,,,,,,,,,,
9200902,ｲｼｶﾜｹﾝ,ｶﾅｻﾞﾜｼ,ｵﾜﾘﾁｮｳ,石川県,金沢市,尾張町,0,配達適用外地域,無し,,,,,,,,,,,,
9200114,ｲｼｶﾜｹﾝ,ｶﾅｻﾞﾜｼ,ｶｶﾞｱｻﾋﾏﾁ,石川県,金沢市,加賀朝日町,0,配達適用外地域,無し,,,,,,,,,,,,
9200208,ｲｼｶﾜｹﾝ,ｶﾅｻﾞﾜｼ,ｶｶﾞﾂﾒﾏﾁ,石川県,金沢市,蚊爪町,7,諸江,月木,,,,,,,,,,,,
9200999,ｲｼｶﾜｹﾝ,ｶﾅｻﾞﾜｼ,ｶｷﾉｷﾊﾞﾀｹ,石川県,金沢市,柿木畠,8,平和町,火金,,,,,,,,,,,,
9201163,ｲｼｶﾜｹﾝ,ｶﾅｻﾞﾜｼ,ｶｸﾏｼﾝﾏﾁ,石川県,金沢市,角間新町,0,配達適用外地域,無し,,,,,,,,,,,,
9201164,ｲｼｶﾜｹﾝ,ｶﾅｻﾞﾜｼ,ｶｸﾏﾏﾁ,石川県,金沢市,角間町,0,配達適用外地域,無し,,,,,,,,,,,,
9200851,ｲｼｶﾜｹﾝ,ｶﾅｻﾞﾜｼ,ｶｻｲﾁﾏﾁ,石川県,金沢市,笠市町,3,戸板,月木,,,,,,,,,,,,
9200965,ｲｼｶﾜｹﾝ,ｶﾅｻﾞﾜｼ,ｶｻﾏｲ,石川県,金沢市,笠舞,4,田上,火金,,,,,,,,,,,,
9200947,ｲｼｶﾜｹﾝ,ｶﾅｻﾞﾜｼ,ｶｻﾏｲﾎﾝﾏﾁ,石川県,金沢市,笠舞本町,4,田上,火金,,,,,,,,,,,,
9201332,ｲｼｶﾜｹﾝ,ｶﾅｻﾞﾜｼ,ｶｼﾐﾏﾁ,石川県,金沢市,樫見町,0,配達適用外地域,無し,,,,,,,,,,,,
9200908,ｲｼｶﾜｹﾝ,ｶﾅｻﾞﾜｼ,ｶｽﾞｴﾏﾁ,石川県,金沢市,主計町,0,配達適用外地域,無し,,,,,,,,,,,,
9200817,ｲｼｶﾜｹﾝ,ｶﾅｻﾞﾜｼ,ｶｽｶﾞﾏﾁ,石川県,金沢市,春日町,0,配達適用外地域,無し,,,,,,,,,,,,
9200164,ｲｼｶﾜｹﾝ,ｶﾅｻﾞﾜｼ,ｶﾀﾀﾏﾁ,石川県,金沢市,堅田町,8,平和町,火金,,,,,,,,,,,,
9200219,ｲｼｶﾜｹﾝ,ｶﾅｻﾞﾜｼ,ｶﾀﾂ,石川県,金沢市,かたつ,0,配達適用外地域,無し,,,,,,,,,,,,
9200981,ｲｼｶﾜｹﾝ,ｶﾅｻﾞﾜｼ,ｶﾀﾏﾁ,石川県,金沢市,片町,8,平和町,火金,,,,,,,,,,,,
9200334,ｲｼｶﾜｹﾝ,ｶﾅｻﾞﾜｼ,ｶﾂﾗﾏﾁ,石川県,金沢市,桂町,5,金石,月木,,,,,,,,,,,,
9203134,ｲｼｶﾜｹﾝ,ｶﾅｻﾞﾜｼ,ｶﾅｲﾁﾏﾁ,石川県,金沢市,金市町,0,配達適用外地域,無し,,,,,,,,,,,,
9200336,ｲｼｶﾜｹﾝ,ｶﾅｻﾞﾜｼ,ｶﾅｲﾜﾎﾝﾏﾁ,石川県,金沢市,金石本町,5,金石,月木,,,,,,,,,,,,
9200335,ｲｼｶﾜｹﾝ,ｶﾅｻﾞﾜｼ,ｶﾅｲﾜﾋｶﾞｼ,石川県,金沢市,金石東,5,金石,月木,,,,,,,,,,,,
9200337,ｲｼｶﾜｹﾝ,ｶﾅｻﾞﾜｼ,ｶﾅｲﾜﾆｼ,石川県,金沢市,金石西,5,金石,月木,,,,,,,,,,,,
9200338,ｲｼｶﾜｹﾝ,ｶﾅｻﾞﾜｼ,ｶﾅｲﾜｷﾀ,石川県,金沢市,金石北,5,金石,月木,,,,,,,,,,,,
9201148,ｲｼｶﾜｹﾝ,ｶﾅｻﾞﾜｼ,ｶﾅｶﾞﾜﾏﾁ,石川県,金沢市,金川町,0,配達適用外地域,無し,,,,,,,,,,,,
9218065,ｲｼｶﾜｹﾝ,ｶﾅｻﾞﾜｼ,ｶﾐｱﾗﾔ,石川県,金沢市,上荒屋,2,西南部,火金,,,,,,,,,,,,
9200905,ｲｼｶﾜｹﾝ,ｶﾅｻﾞﾜｼ,ｶﾐｵｳﾐﾁｮｳ,石川県,金沢市,上近江町,0,配達適用外地域,無し,,,,,,,,,,,,
9200992,ｲｼｶﾜｹﾝ,ｶﾅｻﾞﾜｼ,ｶﾐｶｷﾉｷﾊﾞﾀｹ,石川県,金沢市,上柿木畠,0,配達適用外地域,無し,,,,,,,,,,,,
9201304,ｲｼｶﾜｹﾝ,ｶﾅｻﾞﾜｼ,ｶﾐﾀﾂﾐﾏﾁ,石川県,金沢市,上辰巳町,4,田上,火金,,,,,,,,,,,,
9200869,ｲｼｶﾜｹﾝ,ｶﾅｻﾞﾜｼ,ｶﾐﾂﾂﾐﾁｮｳ,石川県,金沢市,上堤町,4,田上,火金,,,,,,,,,,,,
9201146,ｲｼｶﾜｹﾝ,ｶﾅｻﾞﾜｼ,ｶﾐﾅｶﾏﾁ,石川県,金沢市,上中町,4,田上,火金,,,,,,,,,,,,
9200368,ｲｼｶﾜｹﾝ,ｶﾅｻﾞﾜｼ,ｶﾐﾉ,石川県,金沢市,神野,5,金石,月木,,,,,,,,,,,,
9200365,ｲｼｶﾜｹﾝ,ｶﾅｻﾞﾜｼ,ｶﾐﾉﾏﾁ,石川県,金沢市,神野町,5,金石,月木,,,,,,,,,,,,
9200370,ｲｼｶﾜｹﾝ,ｶﾅｻﾞﾜｼ,ｶﾐﾔｽﾊﾗ,石川県,金沢市,上安原,5,金石,月木,,,,,,,,,,,,
9200374,ｲｼｶﾜｹﾝ,ｶﾅｻﾞﾜｼ,ｶﾐﾔｽﾊﾗﾏﾁ,石川県,金沢市,上安原町,5,金石,月木,,,,,,,,,,,,
9200374,ｲｼｶﾜｹﾝ,ｶﾅｻﾞﾜｼ,ｶﾐﾔｽﾊﾗﾐﾅﾐ,石川県,金沢市,上安原南,5,金石,月木,,,,,,,,,,,,
9200801,ｲｼｶﾜｹﾝ,ｶﾅｻﾞﾜｼ,ｶﾐﾔﾁﾏﾁ,石川県,金沢市,神谷内町,0,配達適用外地域,無し,,,,,,,,,,,,
9201166,ｲｼｶﾜｹﾝ,ｶﾅｻﾞﾜｼ,ｶﾐﾜｶﾏﾂﾏﾁ,石川県,金沢市,上若松町,4,田上,火金,,,,,,,,,,,,
9200175,ｲｼｶﾜｹﾝ,ｶﾅｻﾞﾜｼ,ｶﾐﾜｸﾅﾐﾏﾁ,石川県,金沢市,上涌波町,4,田上,火金,,,,,,,,,,,,
9200974,ｲｼｶﾜｹﾝ,ｶﾅｻﾞﾜｼ,ｶﾜｷﾞｼﾏﾁ,石川県,金沢市,川岸町,4,田上,火金,,,,,,,,,,,,
9200172,ｲｼｶﾜｹﾝ,ｶﾅｻﾞﾜｼ,ｶﾜﾗｲﾁﾏﾁ,石川県,金沢市,河原市町,0,配達適用外地域,無し,,,,,,,,,,,,
9218027,ｲｼｶﾜｹﾝ,ｶﾅｻﾞﾜｼ,ｶﾝﾀﾞ,石川県,金沢市,神田,6,弥生,火金,,,,,,,,,,,,
9200352,ｲｼｶﾜｹﾝ,ｶﾅｻﾞﾜｼ,ｶﾝﾉﾝﾄﾞｳﾏﾁ,石川県,金沢市,観音堂町,3,戸板,月木,,,,,,,,,,,,
9200838,ｲｼｶﾜｹﾝ,ｶﾅｻﾞﾜｼ,ｶﾝﾉﾝﾏﾁ,石川県,金沢市,観音町,3,戸板,月木,,,,,,,,,,,,
9201125,ｲｼｶﾜｹﾝ,ｶﾅｻﾞﾜｼ,ｶﾝﾊﾞﾗﾏﾁ,石川県,金沢市,上原町,0,配達適用外地域,無し,,,,,,,,,,,,
9203112,ｲｼｶﾜｹﾝ,ｶﾅｻﾞﾜｼ,ｶﾝﾎﾟｳｼﾞﾏﾁ,石川県,金沢市,観法寺町,0,配達適用外地域,無し,,,,,,,,,,,,
9200967,ｲｼｶﾜｹﾝ,ｶﾅｻﾞﾜｼ,ｷｸｶﾞﾜ,石川県,金沢市,菊川,8,平和町,火金,,,,,,,,,,,,
9200988,ｲｼｶﾜｹﾝ,ｶﾅｻﾞﾜｼ,ｷｸﾞﾗﾏﾁ,石川県,金沢市,木倉町,8,平和町,火金,,,,,,,,,,,,
9200202,ｲｼｶﾜｹﾝ,ｶﾅｻﾞﾜｼ,ｷｺﾞｼ,石川県,金沢市,木越,7,諸江,月木,,,,,,,,,,,,
9200201,ｲｼｶﾜｹﾝ,ｶﾅｻﾞﾜｼ,ｷｺﾞｼﾏﾁ(ﾐｽﾞｷﾀﾞﾝﾁ),石川県,金沢市,木越町（瑞樹団地）,7,諸江,月木,,,,,,,,,,,,
9200203,ｲｼｶﾜｹﾝ,ｶﾅｻﾞﾜｼ,ｷｺﾞｼﾏﾁ(ｿﾉﾀ),石川県,金沢市,木越町（その他）,7,諸江,月木,,,,,,,,,,,,
9200102,ｲｼｶﾜｹﾝ,ｶﾅｻﾞﾜｼ,ｷｼｶﾞﾜﾏﾁ,石川県,金沢市,岸川町,0,配達適用外地域,無し,,,,,,,,,,,,
9200143,ｲｼｶﾜｹﾝ,ｶﾅｻﾞﾜｼ,ｷﾀｶﾞﾀﾏﾁ,石川県,金沢市,北方町,0,配達適用外地域,無し,,,,,,,,,,,,
9200128,ｲｼｶﾜｹﾝ,ｶﾅｻﾞﾜｼ,ｷﾀｾﾝｺﾞｸﾏﾁ,石川県,金沢市,北千石町,0,配達適用外地域,無し,,,,,,,,,,,,
9200367,ｲｼｶﾜｹﾝ,ｶﾅｻﾞﾜｼ,ｷﾀﾂﾞｶﾏﾁ,石川県,金沢市,北塚町,0,配達適用外地域,無し,,,,,,,,,,,,
9200206,ｲｼｶﾜｹﾝ,ｶﾅｻﾞﾜｼ,ｷﾀﾃﾞﾗﾏﾁ,石川県,金沢市,北寺町,7,諸江,月木,,,,,,,,,,,,
9201135,ｲｼｶﾜｹﾝ,ｶﾅｻﾞﾜｼ,ｷﾀﾌﾞｸﾛﾏﾁ,石川県,金沢市,北袋町,0,配達適用外地域,無し,,,,,,,,,,,,
9200055,ｲｼｶﾜｹﾝ,ｶﾅｻﾞﾜｼ,ｷﾀﾏﾁ,石川県,金沢市,北町,3,戸板,月木,,,,,,,,,,,,
9200212,ｲｼｶﾜｹﾝ,ｶﾅｻﾞﾜｼ,ｷﾀﾏﾏﾁ,石川県,金沢市,北間町,7,諸江,月木,,,,,,,,,,,,
9203117,ｲｼｶﾜｹﾝ,ｶﾅｻﾞﾜｼ,ｷﾀﾓﾘﾓﾄﾏﾁ,石川県,金沢市,北森本町,0,配達適用外地域,無し,,,,,,,,,,,,
9200022,ｲｼｶﾜｹﾝ,ｶﾅｻﾞﾜｼ,ｷﾀﾔｽｴ,石川県,金沢市,北安江,3,戸板,月木,,,,,,,,,,,,
9200023,ｲｼｶﾜｹﾝ,ｶﾅｻﾞﾜｼ,ｷﾀﾔｽｴﾁｮｳ,石川県,金沢市,北安江町,3,戸板,月木,,,,,,,,,,,,
9200858,ｲｼｶﾜｹﾝ,ｶﾅｻﾞﾜｼ,ｷﾉｼﾝﾎﾞﾏﾁ,石川県,金沢市,木ノ新保町,3,戸板,月木,,,,,,,,,,,,
9200848,ｲｼｶﾜｹﾝ,ｶﾅｻﾞﾜｼ,ｷｮｳﾏﾁ,石川県,金沢市,京町,3,戸板,月木,,,,,,,,,,,,
9218032,ｲｼｶﾜｹﾝ,ｶﾅｻﾞﾜｼ,ｷﾖｶﾜﾏﾁ,石川県,金沢市,清川町,8,平和町,火金,,,,,,,,,,,,
9218122,ｲｼｶﾜｹﾝ,ｶﾅｻﾞﾜｼ,ｷﾖｾﾏﾁ,石川県,金沢市,清瀬町,0,配達適用外地域,無し,,,,,,,,,,,,
9200163,ｲｼｶﾜｹﾝ,ｶﾅｻﾞﾜｼ,ｷﾘﾔﾏﾏﾁ,石川県,金沢市,桐山町,0,配達適用外地域,無し,,,,,,,,,,,,
9201333,ｲｼｶﾜｹﾝ,ｶﾅｻﾞﾜｼ,ｸﾆﾐﾁｮｳ,石川県,金沢市,国見町,0,配達適用外地域,無し,,,,,,,,,,,,
9218151,ｲｼｶﾜｹﾝ,ｶﾅｻﾞﾜｼ,ｸﾎﾞ,石川県,金沢市,窪,1,額,月木,,,,,,,,,,,,
9201326,ｲｼｶﾜｹﾝ,ｶﾅｻﾞﾜｼ,ｸﾏﾊﾞｼﾘﾏﾁ,石川県,金沢市,熊走町,0,配達適用外地域,無し,,,,,,,,,,,,
9218124,ｲｼｶﾜｹﾝ,ｶﾅｻﾞﾜｼ,ｸﾗｶﾞﾀｹ,石川県,金沢市,倉ケ嶽,0,配達適用外地域,無し,,,,,,,,,,,,
9208203,ｲｼｶﾜｹﾝ,ｶﾅｻﾞﾜｼ,ｸﾗﾂｷ,石川県,金沢市,鞍月,7,諸江,月木,,,,,,,,,,,,
9208201,ｲｼｶﾜｹﾝ,ｶﾅｻﾞﾜｼ,ｸﾗﾂｷﾋｶﾞｼ,石川県,金沢市,鞍月東,7,諸江,月木,,,,,,,,,,,,
9200157,ｲｼｶﾜｹﾝ,ｶﾅｻﾞﾜｼ,ｸﾙﾏﾏﾁ,石川県,金沢市,車町,0,配達適用外地域,無し,,,,,,,,,,,,
9218051,ｲｼｶﾜｹﾝ,ｶﾅｻﾞﾜｼ,ｸﾛﾀﾞ,石川県,金沢市,黒田,2,西南部,火金,,,,,,,,,,,,
9200936,ｲｼｶﾜｹﾝ,ｶﾅｻﾞﾜｼ,ｹﾝﾛｸﾏﾁ,石川県,金沢市,兼六町,8,平和町,火金,,,,,,,,,,,,
9200931,ｲｼｶﾜｹﾝ,ｶﾅｻﾞﾜｼ,ｹﾝﾛｸﾓﾄﾏﾁ,石川県,金沢市,兼六元町,8,平和町,火金,,,,,,,,,,,,
9200961,ｲｼｶﾜｹﾝ,ｶﾅｻﾞﾜｼ,ｺｳﾘﾝﾎﾞｳ,石川県,金沢市,香林坊,8,平和町,火金,,,,,,,,,,,,
9200805,ｲｼｶﾜｹﾝ,ｶﾅｻﾞﾜｼ,ｺｶﾞﾈﾏﾁ,石川県,金沢市,小金町,0,配達適用外地域,無し,,,,,,,,,,,,
9201114,ｲｼｶﾜｹﾝ,ｶﾅｻﾞﾜｼ,ｺｷｮｳﾏﾁ,石川県,金沢市,古郷町,0,配達適用外地域,無し,,,,,,,,,,,,
9208221,ｲｼｶﾜｹﾝ,ｶﾅｻﾞﾜｼ,ｺﾞｸﾃﾞﾝﾏﾁ,石川県,金沢市,御供田町,7,諸江,月木,,,,,,,,,,,,
9200811,ｲｼｶﾜｹﾝ,ｶﾅｻﾞﾜｼ,ｺｻｶﾏﾁ,石川県,金沢市,小坂町,0,配達適用外地域,無し,,,,,,,,,,,,
9200932,ｲｼｶﾜｹﾝ,ｶﾅｻﾞﾜｼ,ｺｼｮｳﾏﾁ,石川県,金沢市,小将町,0,配達適用外地域,無し,,,,,,,,,,,,
9200813,ｲｼｶﾜｹﾝ,ｶﾅｻﾞﾜｼ,ｺﾞｼｮﾏﾁ,石川県,金沢市,御所町,0,配達適用外地域,無し,,,,,,,,,,,,
9200942,ｲｼｶﾜｹﾝ,ｶﾅｻﾞﾜｼ,ｺﾀﾞﾂﾉ,石川県,金沢市,小立野,4,田上,火金,,,,,,,,,,,,
9200129,ｲｼｶﾜｹﾝ,ｶﾅｻﾞﾜｼ,ｺﾄｻｶﾏﾁ,石川県,金沢市,琴坂町,0,配達適用外地域,無し,,,,,,,,,,,,
9200121,ｲｼｶﾜｹﾝ,ｶﾅｻﾞﾜｼ,ｺﾄﾏﾁ,石川県,金沢市,琴町,0,配達適用外地域,無し,,,,,,,,,,,,
9203107,ｲｼｶﾜｹﾝ,ｶﾅｻﾞﾜｼ,ｺﾅﾝﾏﾁ,石川県,金沢市,湖南町,0,配達適用外地域,無し,,,,,,,,,,,,
9200852,ｲｼｶﾜｹﾝ,ｶﾅｻﾞﾜｼ,ｺﾉﾊﾅﾏﾁ,石川県,金沢市,此花町,0,配達適用外地域,無し,,,,,,,,,,,,
9200168,ｲｼｶﾜｹﾝ,ｶﾅｻﾞﾜｼ,ｺﾉﾏﾁ,石川県,金沢市,小野町,0,配達適用外地域,無し,,,,,,,,,,,,
9200844,ｲｼｶﾜｹﾝ,ｶﾅｻﾞﾜｼ,ｺﾊﾞｼﾏﾁ,石川県,金沢市,小橋町,0,配達適用外地域,無し,,,,,,,,,,,,
9201111,ｲｼｶﾜｹﾝ,ｶﾅｻﾞﾜｼ,ｺﾋﾞｼｹﾏﾁ,石川県,金沢市,小菱池町,0,配達適用外地域,無し,,,,,,,,,,,,
9200826,ｲｼｶﾜｹﾝ,ｶﾅｻﾞﾜｼ,ｺﾌﾀﾏﾀﾏﾁ,石川県,金沢市,小二又町,0,配達適用外地域,無し,,,,,,,,,,,,
9200362,ｲｼｶﾜｹﾝ,ｶﾅｻﾞﾜｼ,ｺﾌﾞ,石川県,金沢市,古府,5,金石,月木,,,,,,,,,,,,
9200362,ｲｼｶﾜｹﾝ,ｶﾅｻﾞﾜｼ,ｺﾌﾞﾏﾁ,石川県,金沢市,古府町,5,金石,月木,,,,,,,,,,,,
9200362,ｲｼｶﾜｹﾝ,ｶﾅｻﾞﾜｼ,ｺﾌﾞﾏﾁ(ﾆｼ),石川県,金沢市,古府町（西）,2,西南部,火金,,,,,,,,,,,,
9200363,ｲｼｶﾜｹﾝ,ｶﾅｻﾞﾜｼ,ｺﾌﾞﾏﾁ(ﾐﾅﾐ),石川県,金沢市,古府町（南）,2,西南部,火金,,,,,,,,,,,,
9201313,ｲｼｶﾜｹﾝ,ｶﾅｻﾞﾜｼ,ｺﾏｶﾞｴﾘﾏﾁ,石川県,金沢市,駒帰町,0,配達適用外地域,無し,,,,,,,,,,,,
9200144,ｲｼｶﾜｹﾝ,ｶﾅｻﾞﾜｼ,ｺﾐﾈﾏﾁ,石川県,金沢市,小嶺町,0,配達適用外地域,無し,,,,,,,,,,,,
9203103,ｲｼｶﾜｹﾝ,ｶﾅｻﾞﾜｼ,ｺﾖｳ,石川県,金沢市,湖陽,0,配達適用外地域,無し,,,,,,,,,,,,
9200836,ｲｼｶﾜｹﾝ,ｶﾅｻﾞﾜｼ,ｺﾗｲﾏﾁ,石川県,金沢市,子来町,0,配達適用外地域,無し,,,,,,,,,,,,
9200224,ｲｼｶﾜｹﾝ,ｶﾅｻﾞﾜｼ,ｺﾞﾛｼﾞﾏﾏﾁ,石川県,金沢市,五郎島町,7,諸江,月木,,,,,,,,,,,,
9203101,ｲｼｶﾜｹﾝ,ｶﾅｻﾞﾜｼ,ｻｲﾀﾞﾏﾁ,石川県,金沢市,才田町,0,配達適用外地域,無し,,,,,,,,,,,,
9200024,ｲｼｶﾜｹﾝ,ｶﾅｻﾞﾜｼ,ｻｲﾈﾝ,石川県,金沢市,西念,3,戸板,月木,,,,,,,,,,,,
9200026,ｲｼｶﾜｹﾝ,ｶﾅｻﾞﾜｼ,ｻｲﾈﾝﾏﾁ,石川県,金沢市,西念町,3,戸板,月木,,,,,,,,,,,,
9200921,ｲｼｶﾜｹﾝ,ｶﾅｻﾞﾜｼ,ｻﾞｲﾓｸﾁｮｳ,石川県,金沢市,材木町,5,金石,月木,,,,,,,,,,,,
9200968,ｲｼｶﾜｹﾝ,ｶﾅｻﾞﾜｼ,ｻｲﾜｲﾏﾁ,石川県,金沢市,幸町,8,平和町,火金,,,,,,,,,,,,
9200357,ｲｼｶﾜｹﾝ,ｶﾅｻﾞﾜｼ,ｻｷﾓﾘﾏﾁ,石川県,金沢市,佐奇森町,5,金石,月木,,,,,,,,,,,,
9200057,ｲｼｶﾜｹﾝ,ｶﾅｻﾞﾜｼ,ｻｸﾗﾀﾞﾏﾁ,石川県,金沢市,桜田町,3,戸板,月木,,,,,,,,,,,,
9200923,ｲｼｶﾜｹﾝ,ｶﾅｻﾞﾜｼ,ｻｸﾗﾏﾁ,石川県,金沢市,桜町,8,平和町,火金,,,,,,,,,,,,
9200998,ｲｼｶﾜｹﾝ,ｶﾅｻﾞﾜｼ,ｻﾄﾐﾁｮｳ,石川県,金沢市,里見町,8,平和町,火金,,,,,,,,,,,,
9200034,ｲｼｶﾜｹﾝ,ｶﾅｻﾞﾜｼ,ｻﾒｶﾞｲﾁｮｳ,石川県,金沢市,醒ケ井町,0,配達適用外地域,無し,,,,,,,,,,,,
9200861,ｲｼｶﾜｹﾝ,ｶﾅｻﾞﾜｼ,ｻﾝｼﾞｬﾏﾁ,石川県,金沢市,三社町,0,配達適用外地域,無し,,,,,,,,,,,,
9218131,ｲｼｶﾜｹﾝ,ｶﾅｻﾞﾜｼ,ｻﾝｼﾞｭｳｶﾞﾘﾏﾁ,石川県,金沢市,三十苅町,50,白山,水土,,,,,,,,,,,,
9200821,ｲｼｶﾜｹﾝ,ｶﾅｻﾞﾜｼ,ｻﾝﾉｳﾏﾁ,石川県,金沢市,山王町,0,配達適用外地域,無し,,,,,,,,,,,,
9200166,ｲｼｶﾜｹﾝ,ｶﾅｻﾞﾜｼ,ｼｵｳｼﾞﾏﾁ,石川県,金沢市,四王寺町,0,配達適用外地域,無し,,,,,,,,,,,,
9218135,ｲｼｶﾜｹﾝ,ｶﾅｻﾞﾜｼ,ｼｼﾞﾏ,石川県,金沢市,四十万,50,白山,水土,,,,,,,,,,,,
9218132,ｲｼｶﾜｹﾝ,ｶﾅｻﾞﾜｼ,ｼｼﾞﾏﾀﾞｲ,石川県,金沢市,しじま台,50,白山,水土,,,,,,,,,,,,
9218133,ｲｼｶﾜｹﾝ,ｶﾅｻﾞﾜｼ,ｼｼﾞﾏﾏﾁ,石川県,金沢市,四十万町,50,白山,水土,,,,,,,,,,,,
9200116,ｲｼｶﾜｹﾝ,ｶﾅｻﾞﾜｼ,ｼﾞﾀﾞｲﾏﾁ,石川県,金沢市,地代町,0,配達適用外地域,無し,,,,,,,,,,,,
9200341,ｲｼｶﾜｹﾝ,ｶﾅｻﾞﾜｼ,ｼﾞﾁｭｳﾏﾁ,石川県,金沢市,寺中町,5,金石,月木,,,,,,,,,,,,
9200906,ｲｼｶﾜｹﾝ,ｶﾅｻﾞﾜｼ,ｼﾞﾂｹﾝﾏﾁ,石川県,金沢市,十間町,0,配達適用外地域,無し,,,,,,,,,,,,
9201129,ｲｼｶﾜｹﾝ,ｶﾅｻﾞﾜｼ,ｼﾊﾞﾊﾗﾏﾁ,石川県,金沢市,芝原町,0,配達適用外地域,無し,,,,,,,,,,,,
9200104,ｲｼｶﾜｹﾝ,ｶﾅｻﾞﾜｼ,ｼﾎﾞｳﾀｶｻｶﾏﾁ,石川県,金沢市,四坊高坂町,0,配達適用外地域,無し,,,,,,,,,,,,
9200104,ｲｼｶﾜｹﾝ,ｶﾅｻﾞﾜｼ,ｼﾎﾞｳﾏﾁ,石川県,金沢市,四坊町,0,配達適用外地域,無し,,,,,,,,,,,,
9200132,ｲｼｶﾜｹﾝ,ｶﾅｻﾞﾜｼ,ｼﾐｽﾞﾀﾞﾆﾏﾁ,石川県,金沢市,清水谷町,0,配達適用外地域,無し,,,,,,,,,,,,
9201104,ｲｼｶﾜｹﾝ,ｶﾅｻﾞﾜｼ,ｼﾐｽﾞﾏﾁ,石川県,金沢市,清水町,0,配達適用外地域,無し,,,,,,,,,,,,
9200058,ｲｼｶﾜｹﾝ,ｶﾅｻﾞﾜｼ,ｼﾒﾉﾅｶﾏﾁ,石川県,金沢市,示野中町,3,戸板,月木,,,,,,,,,,,,
9200059,ｲｼｶﾜｹﾝ,ｶﾅｻﾞﾜｼ,ｼﾒﾉﾏﾁ,石川県,金沢市,示野町,3,戸板,月木,,,,,,,,,,,,
9200939,ｲｼｶﾜｹﾝ,ｶﾅｻﾞﾜｼ,ｼﾓｲｼﾋﾞｷﾏﾁ,石川県,金沢市,下石引町,8,平和町,火金,,,,,,,,,,,,
9200904,ｲｼｶﾜｹﾝ,ｶﾅｻﾞﾜｼ,ｼﾓｵｳﾐﾁｮｳ,石川県,金沢市,下近江町,0,配達適用外地域,無し,,,,,,,,,,,,
9201323,ｲｼｶﾜｹﾝ,ｶﾅｻﾞﾜｼ,ｼﾓｵｼﾊﾗﾏﾁ,石川県,金沢市,下鴛原町,0,配達適用外地域,無し,,,,,,,,,,,,
9200991,ｲｼｶﾜｹﾝ,ｶﾅｻﾞﾜｼ,ｼﾓｶｷﾉｷﾊﾞﾀｹ,石川県,金沢市,下柿木畠,0,配達適用外地域,無し,,,,,,,,,,,,
9200910,ｲｼｶﾜｹﾝ,ｶﾅｻﾞﾜｼ,ｼﾓｼﾝﾁｮｳ,石川県,金沢市,下新町,0,配達適用外地域,無し,,,,,,,,,,,,
9201127,ｲｼｶﾜｹﾝ,ｶﾅｻﾞﾜｼ,ｼﾓﾀﾞﾆﾏﾁ,石川県,金沢市,下谷町,0,配達適用外地域,無し,,,,,,,,,,,,
9200917,ｲｼｶﾜｹﾝ,ｶﾅｻﾞﾜｼ,ｼﾓﾂﾂﾐﾁｮｳ,石川県,金沢市,下堤町,0,配達適用外地域,無し,,,,,,,,,,,,
9200993,ｲｼｶﾜｹﾝ,ｶﾅｻﾞﾜｼ,ｼﾓﾎﾝﾀﾞﾏﾁ,石川県,金沢市,下本多町,8,平和町,火金,,,,,,,,,,,,
9200916,ｲｼｶﾜｹﾝ,ｶﾅｻﾞﾜｼ,ｼﾓﾏﾂﾊﾞﾗﾁｮｳ,石川県,金沢市,下松原町,0,配達適用外地域,無し,,,,,,,,,,,,
9200371,ｲｼｶﾜｹﾝ,ｶﾅｻﾞﾜｼ,ｼﾓﾔｽﾊﾗﾏﾁ,石川県,金沢市,下安原町,5,金石,月木,,,,,,,,,,,,
9200176,ｲｼｶﾜｹﾝ,ｶﾅｻﾞﾜｼ,ｼﾓﾜｸﾅﾐﾏﾁ,石川県,金沢市,下涌波町,0,配達適用外地域,無し,,,,,,,,,,,,
9218106,ｲｼｶﾜｹﾝ,ｶﾅｻﾞﾜｼ,ｼﾞｭｳｲﾁﾔﾏﾁ,石川県,金沢市,十一屋町,8,平和町,火金,,,,,,,,,,,,
9200976,ｲｼｶﾜｹﾝ,ｶﾅｻﾞﾜｼ,ｼﾞｭｳｻﾝｹﾞﾝﾏﾁ,石川県,金沢市,十三間町,8,平和町,火金,,,,,,,,,,,,
9200977,ｲｼｶﾜｹﾝ,ｶﾅｻﾞﾜｼ,ｼﾞｭｳｻﾝｹﾞﾝﾏﾁﾅｶﾁｮｳ,石川県,金沢市,十三間町中丁,8,平和町,火金,,,,,,,,,,,,
9200846,ｲｼｶﾜｹﾝ,ｶﾅｻﾞﾜｼ,ｼｮｳｴｲﾏﾁ,石川県,金沢市,昌永町,0,配達適用外地域,無し,,,,,,,,,,,,
9200966,ｲｼｶﾜｹﾝ,ｶﾅｻﾞﾜｼ,ｼﾞｮｳﾅﾝ,石川県,金沢市,城南,8,平和町,火金,,,,,,,,,,,,
9200154,ｲｼｶﾜｹﾝ,ｶﾅｻﾞﾜｼ,ｼｮｳﾌﾞﾏﾁ,石川県,金沢市,正部町,0,配達適用外地域,無し,,,,,,,,,,,,
9201325,ｲｼｶﾜｹﾝ,ｶﾅｻﾞﾜｼ,ｼﾞｮｳﾘｷﾏﾁ,石川県,金沢市,城力町,0,配達適用外地域,無し,,,,,,,,,,,,
9200856,ｲｼｶﾜｹﾝ,ｶﾅｻﾞﾜｼ,ｼｮｳﾜﾏﾁ,石川県,金沢市,昭和町,0,配達適用外地域,無し,,,,,,,,,,,,のの
9218024,ｲｼｶﾜｹﾝ,ｶﾅｻﾞﾜｼ,ｼﾗｷﾞｸﾁｮｳ,石川県,金沢市,白菊町,8,平和町,火金,,,,,,,,,,,,はくさん
9201126,ｲｼｶﾜｹﾝ,ｶﾅｻﾞﾜｼ,ｼﾛﾐﾏﾁ,石川県,金沢市,白見町,0,配達適用外地域,無し,,,,,,,,,,,,宇と灘
9218013,ｲｼｶﾜｹﾝ,ｶﾅｻﾞﾜｼ,ｼﾝｶﾝﾀﾞ,石川県,金沢市,新神田,6,弥生,火金,,,,,,,,,,,,
9200806,ｲｼｶﾜｹﾝ,ｶﾅｻﾞﾜｼ,ｼﾞﾝｸﾞｳｼﾞ,石川県,金沢市,神宮寺,5,金石,月木,,,,,,,,,,,,
9200803,ｲｼｶﾜｹﾝ,ｶﾅｻﾞﾜｼ,ｼﾞﾝｸﾞｳｼﾞﾏﾁ,石川県,金沢市,神宮寺町,5,金石,月木,,,,,,,,,,,,
9200995,ｲｼｶﾜｹﾝ,ｶﾅｻﾞﾜｼ,ｼﾝﾀﾃﾏﾁ,石川県,金沢市,新竪町,8,平和町,火金,,,,,,,,,,,,
9218062,ｲｼｶﾜｹﾝ,ｶﾅｻﾞﾜｼ,ｼﾝﾎﾞﾎﾝ,石川県,金沢市,新保本,2,西南部,火金,,,,,,,,,,,,
9201345,ｲｼｶﾜｹﾝ,ｶﾅｻﾞﾜｼ,ｼﾝﾎﾞﾏﾁ,石川県,金沢市,新保町,0,配達適用外地域,無し,,,,,,,,,,,,
9218006,ｲｼｶﾜｹﾝ,ｶﾅｻﾞﾜｼ,ｼﾝﾜﾏﾁ,石川県,金沢市,進和町,3,戸板,月木,,,,,,,,,,,,
9200833,ｲｼｶﾜｹﾝ,ｶﾅｻﾞﾜｼ,ｽｴﾋﾛﾏﾁ,石川県,金沢市,末広町,0,配達適用外地域,無し,,,,,,,,,,,,
9201302,ｲｼｶﾜｹﾝ,ｶﾅｻﾞﾜｼ,ｽｴﾏﾁ,石川県,金沢市,末町,4,田上,火金,,,,,,,,,,,,
9201311,ｲｼｶﾜｹﾝ,ｶﾅｻﾞﾜｼ,ｽｶﾞｲｹﾏﾁ,石川県,金沢市,菅池町,0,配達適用外地域,無し,,,,,,,,,,,,
9200972,ｲｼｶﾜｹﾝ,ｶﾅｻﾞﾜｼ,ｽｷﾞｳﾗﾏﾁ,石川県,金沢市,杉浦町,8,平和町,火金,,,,,,,,,,,,
9200207,ｲｼｶﾜｹﾝ,ｶﾅｻﾞﾜｼ,ｽｻﾞｷﾏﾁ,石川県,金沢市,須崎町,0,配達適用外地域,無し,,,,,,,,,,,,
9200857,ｲｼｶﾜｹﾝ,ｶﾅｻﾞﾜｼ,ｽｼﾞｶｲﾏﾁ,石川県,金沢市,折違町,0,配達適用外地域,無し,,,,,,,,,,,,
9201161,ｲｼｶﾜｹﾝ,ｶﾅｻﾞﾜｼ,ｽｽﾞﾐﾀﾞｲ,石川県,金沢市,鈴見台,4,田上,火金,,,,,,,,,,,,
9201162,ｲｼｶﾜｹﾝ,ｶﾅｻﾞﾜｼ,ｽｽﾞﾐﾏﾁ,石川県,金沢市,鈴見町,4,田上,火金,,,,,,,,,,,,
9201101,ｲｼｶﾜｹﾝ,ｶﾅｻﾞﾜｼ,ｽﾅｺﾞｻﾞｶﾏﾁ,石川県,金沢市,砂子坂町,0,配達適用外地域,無し,,,,,,,,,,,,
9201344,ｲｼｶﾜｹﾝ,ｶﾅｻﾞﾜｼ,ｽﾐﾖｼﾏﾁ,石川県,金沢市,住吉町,0,配達適用外地域,無し,,,,,,,,,,,,
9208202,ｲｼｶﾜｹﾝ,ｶﾅｻﾞﾜｼ,ｾｲﾄ,石川県,金沢市,西都,5,金石,月木,,,,,,,,,,,,
9200002,ｲｼｶﾜｹﾝ,ｶﾅｻﾞﾜｼ,ｾｷﾞ,石川県,金沢市,千木,0,配達適用外地域,無し,,,,,,,,,,,,
9200001,ｲｼｶﾜｹﾝ,ｶﾅｻﾞﾜｼ,ｾｷﾞﾏﾁ,石川県,金沢市,千木町,0,配達適用外地域,無し,,,,,,,,,,,,
9201312,ｲｼｶﾜｹﾝ,ｶﾅｻﾞﾜｼ,ｾﾘｮｳﾏﾁ,石川県,金沢市,瀬領町,0,配達適用外地域,無し,,,,,,,,,,,,
9200356,ｲｼｶﾜｹﾝ,ｶﾅｻﾞﾜｼ,ｾﾝｺｳｼﾞﾏﾁ,石川県,金沢市,専光寺町,5,金石,月木,,,,,,,,,,,,
9200204,ｲｼｶﾜｹﾝ,ｶﾅｻﾞﾜｼ,ｾﾝﾀﾞﾏﾁ,石川県,金沢市,千田町,0,配達適用外地域,無し,,,,,,,,,,,,
9218023,ｲｼｶﾜｹﾝ,ｶﾅｻﾞﾜｼ,ｾﾝﾆﾁﾏﾁ,石川県,金沢市,千日町,8,平和町,火金,,,,,,,,,,,,
9200115,ｲｼｶﾜｹﾝ,ｶﾅｻﾞﾜｼ,ｾﾝﾉｽｷﾞﾏﾁ,石川県,金沢市,千杉町,0,配達適用外地域,無し,,,,,,,,,,,,
9200982,ｲｼｶﾜｹﾝ,ｶﾅｻﾞﾜｼ,ﾀﾞｲｸﾏﾁ,石川県,金沢市,大工町,0,配達適用外地域,無し,,,,,,,,,,,,
9200924,ｲｼｶﾜｹﾝ,ｶﾅｻﾞﾜｼ,ﾀｲﾏﾁ,石川県,金沢市,田井町,4,田上,火金,,,,,,,,,,,,
9201154,ｲｼｶﾜｹﾝ,ｶﾅｻﾞﾜｼ,ﾀｲﾖｳｶﾞｵｶ,石川県,金沢市,太陽が丘,4,田上,火金,,,,,,,,,,,,
9201141,ｲｼｶﾜｹﾝ,ｶﾅｻﾞﾜｼ,ﾀﾞｲﾗﾎﾝﾏﾁ,石川県,金沢市,平等本町,0,配達適用外地域,無し,,,,,,,,,,,,
9201334,ｲｼｶﾜｹﾝ,ｶﾅｻﾞﾜｼ,ﾀｲﾗﾏﾁ,石川県,金沢市,平町,0,配達適用外地域,無し,,,,,,,,,,,,
9200046,ｲｼｶﾜｹﾝ,ｶﾅｻﾞﾜｼ,ﾀﾞｲﾜﾏﾁ,石川県,金沢市,大和町,0,配達適用外地域,無し,,,,,,,,,,,,
9201143,ｲｼｶﾜｹﾝ,ｶﾅｻﾞﾜｼ,ﾀｶｲｹﾏﾁ,石川県,金沢市,高池町,0,配達適用外地域,無し,,,,,,,,,,,,
9218152,ｲｼｶﾜｹﾝ,ｶﾅｻﾞﾜｼ,ﾀｶｵ,石川県,金沢市,高尾,1,額,月木,,,,,,,,,,,,
9200864,ｲｼｶﾜｹﾝ,ｶﾅｻﾞﾜｼ,ﾀｶｵｶﾏﾁ,石川県,金沢市,高岡町,0,配達適用外地域,無し,,,,,,,,,,,,
9218155,ｲｼｶﾜｹﾝ,ｶﾅｻﾞﾜｼ,ﾀｶｵﾀﾞｲ,石川県,金沢市,高尾台,1,額,月木,,,,,,,,,,,,
9218153,ｲｼｶﾜｹﾝ,ｶﾅｻﾞﾜｼ,ﾀｶｵﾏﾁ,石川県,金沢市,高尾町,1,額,月木,,,,,,,,,,,,
9218154,ｲｼｶﾜｹﾝ,ｶﾅｻﾞﾜｼ,ﾀｶｵﾐﾅﾐ,石川県,金沢市,高尾南,1,額,月木,,,,,,,,,,,,
9200155,ｲｼｶﾜｹﾝ,ｶﾅｻﾞﾜｼ,ﾀｶｻｶﾏﾁ,石川県,金沢市,高坂町,0,配達適用外地域,無し,,,,,,,,,,,,
9218001,ｲｼｶﾜｹﾝ,ｶﾅｻﾞﾜｼ,ﾀｶﾊﾞﾀｹ,石川県,金沢市,高畠,3,戸板,月木,,,,,,,,,,,,
9200005,ｲｼｶﾜｹﾝ,ｶﾅｻﾞﾜｼ,ﾀｶﾔﾅｷﾞﾏﾁ,石川県,金沢市,高柳町,0,配達適用外地域,無し,,,,,,,,,,,,
9200934,ｲｼｶﾜｹﾝ,ｶﾅｻﾞﾜｼ,ﾀｶﾗﾏﾁ,石川県,金沢市,宝町,8,平和町,火金,,,,,,,,,,,,
9201152,ｲｼｶﾜｹﾝ,ｶﾅｻﾞﾜｼ,ﾀｶﾞﾐ,石川県,金沢市,田上,4,田上,火金,,,,,,,,,,,,
9201153,ｲｼｶﾜｹﾝ,ｶﾅｻﾞﾜｼ,ﾀｶﾞﾐｼﾝﾏﾁ,石川県,金沢市,田上新町,4,田上,火金,,,,,,,,,,,,
9201155,ｲｼｶﾜｹﾝ,ｶﾅｻﾞﾜｼ,ﾀｶﾞﾐﾎﾝﾏﾁ,石川県,金沢市,田上本町,4,田上,火金,,,,,,,,,,,,
9201151,ｲｼｶﾜｹﾝ,ｶﾅｻﾞﾜｼ,ﾀｶﾞﾐﾏﾁ,石川県,金沢市,田上町,4,田上,火金,,,,,,,,,,,,
9200123,ｲｼｶﾜｹﾝ,ｶﾅｻﾞﾜｼ,ﾀｷｼﾀﾏﾁ,石川県,金沢市,滝下町,0,配達適用外地域,無し,,,,,,,,,,,,
9200137,ｲｼｶﾜｹﾝ,ｶﾅｻﾞﾜｼ,ﾀｹﾏﾀﾏﾁ,石川県,金沢市,竹又町,0,配達適用外地域,無し,,,,,,,,,,,,
9203102,ｲｼｶﾜｹﾝ,ｶﾅｻﾞﾜｼ,ﾀﾀﾞﾅﾜﾏﾁ,石川県,金沢市,忠縄町,0,配達適用外地域,無し,,,,,,,,,,,,
9200957,ｲｼｶﾜｹﾝ,ｶﾅｻﾞﾜｼ,ﾀﾁﾏﾁ,石川県,金沢市,舘町,4,田上,火金,,,,,,,,,,,,
9200956,ｲｼｶﾜｹﾝ,ｶﾅｻﾞﾜｼ,ﾀﾁﾔﾏﾏﾁ,石川県,金沢市,舘山町,4,田上,火金,,,,,,,,,,,,
9201303,ｲｼｶﾜｹﾝ,ｶﾅｻﾞﾜｼ,ﾀﾂﾐﾏﾁ,石川県,金沢市,辰巳町,4,田上,火金,,,,,,,,,,,,
9200997,ｲｼｶﾜｹﾝ,ｶﾅｻﾞﾜｼ,ﾀﾃﾏﾁ,石川県,金沢市,竪町,8,平和町,火金,,,,,,,,,,,,
9200007,ｲｼｶﾜｹﾝ,ｶﾅｻﾞﾜｼ,ﾀﾅｶﾏﾁ,石川県,金沢市,田中町,0,配達適用外地域,無し,,,,,,,,,,,,
9201103,ｲｼｶﾜｹﾝ,ｶﾅｻﾞﾜｼ,ﾀﾉｼﾏﾏﾁ,石川県,金沢市,田島町,0,配達適用外地域,無し,,,,,,,,,,,,
9200863,ｲｼｶﾜｹﾝ,ｶﾅｻﾞﾜｼ,ﾀﾏｶﾞﾜﾁｮｳ,石川県,金沢市,玉川町,0,配達適用外地域,無し,,,,,,,,,,,,
9218002,ｲｼｶﾜｹﾝ,ｶﾅｻﾞﾜｼ,ﾀﾏﾎﾞｺ,石川県,金沢市,玉鉾,3,戸板,月木,,,,,,,,,,,,
9218003,ｲｼｶﾜｹﾝ,ｶﾅｻﾞﾜｼ,ﾀﾏﾎﾞｺﾏﾁ,石川県,金沢市,玉鉾町,3,戸板,月木,,,,,,,,,,,,
9200113,ｲｼｶﾜｹﾝ,ｶﾅｻﾞﾜｼ,ﾀﾗﾜﾗﾏﾁ,石川県,金沢市,俵原町,0,配達適用外地域,無し,,,,,,,,,,,,
9201108,ｲｼｶﾜｹﾝ,ｶﾅｻﾞﾜｼ,ﾀﾜﾗﾏﾁ,石川県,金沢市,俵町,0,配達適用外地域,無し,,,,,,,,,,,,
9208217,ｲｼｶﾜｹﾝ,ｶﾅｻﾞﾜｼ,ﾁｶｵｶﾏﾁ,石川県,金沢市,近岡町,7,諸江,月木,,,,,,,,,,,,
9201138,ｲｼｶﾜｹﾝ,ｶﾅｻﾞﾜｼ,ﾁﾊﾗﾏﾁ,石川県,金沢市,茅原町,0,配達適用外地域,無し,,,,,,,,,,,,
9200866,ｲｼｶﾜｹﾝ,ｶﾅｻﾞﾜｼ,ﾁｭｳｵｳﾄﾞｵﾘﾏﾁ,石川県,金沢市,中央通町,0,配達適用外地域,無し,,,,,,,,,,,,
9201147,ｲｼｶﾜｹﾝ,ｶﾅｻﾞﾜｼ,ﾁｮｳｼﾏﾁ,石川県,金沢市,銚子町,0,配達適用外地域,無し,,,,,,,,,,,,
9203113,ｲｼｶﾜｹﾝ,ｶﾅｻﾞﾜｼ,ﾂｶｻﾞｷﾏﾁ,石川県,金沢市,塚崎町,0,配達適用外地域,無し,,,,,,,,,,,,
9200178,ｲｼｶﾜｹﾝ,ｶﾅｻﾞﾜｼ,ﾂｷｳﾗﾏﾁ,石川県,金沢市,月浦町,0,配達適用外地域,無し,,,,,,,,,,,,
9200105,ｲｼｶﾜｹﾝ,ｶﾅｻﾞﾜｼ,ﾂｷｶｹﾞﾏﾁ,石川県,金沢市,月影町,0,配達適用外地域,無し,,,,,,,,,,,,
9200135,ｲｼｶﾜｹﾝ,ｶﾅｻﾞﾜｼ,ﾂﾁｺﾊﾗﾏﾁ,石川県,金沢市,土子原町,0,配達適用外地域,無し,,,,,,,,,,,,
9200955,ｲｼｶﾜｹﾝ,ｶﾅｻﾞﾜｼ,ﾂﾁｼﾐｽﾞ,石川県,金沢市,土清水,4,田上,火金,,,,,,,,,,,,
9218103,ｲｼｶﾜｹﾝ,ｶﾅｻﾞﾜｼ,ﾂﾂｼﾞｶﾞｵｶ,石川県,金沢市,つつじが丘,4,田上,火金,,,,,,,,,,,,
9200161,ｲｼｶﾜｹﾝ,ｶﾅｻﾞﾜｼ,ﾂﾂﾞﾐﾄﾞｳﾏﾁ,石川県,金沢市,鞁筒町,0,配達適用外地域,無し,,,,,,,,,,,,
9218123,ｲｼｶﾜｹﾝ,ｶﾅｻﾞﾜｼ,ﾂﾎﾞﾉﾏﾁ,石川県,金沢市,坪野町,0,配達適用外地域,無し,,,,,,,,,,,,
9200825,ｲｼｶﾜｹﾝ,ｶﾅｻﾞﾜｼ,ﾂﾙﾍﾞﾏﾁ,石川県,金沢市,釣部町,0,配達適用外地域,無し,,,,,,,,,,,,
9218178,ｲｼｶﾜｹﾝ,ｶﾅｻﾞﾜｼ,ﾃﾗｼﾞ,石川県,金沢市,寺地,0,配達適用外地域,無し,,,,,,,,,,,,
9201315,ｲｼｶﾜｹﾝ,ｶﾅｻﾞﾜｼ,ﾃﾗﾂﾞﾏﾁ,石川県,金沢市,寺津町,0,配達適用外地域,無し,,,,,,,,,,,,
9218033,ｲｼｶﾜｹﾝ,ｶﾅｻﾞﾜｼ,ﾃﾗﾏﾁ,石川県,金沢市,寺町,8,平和町,火金,,,,,,,,,,,,
9200925,ｲｼｶﾜｹﾝ,ｶﾅｻﾞﾜｼ,ﾃﾝｼﾞﾝﾏﾁ,石川県,金沢市,天神町,8,平和町,火金,,,,,,,,,,,,
9200963,ｲｼｶﾜｹﾝ,ｶﾅｻﾞﾜｼ,ﾃﾞﾜﾏﾁ,石川県,金沢市,出羽町,0,配達適用外地域,無し,,,,,,,,,,,,
9200824,ｲｼｶﾜｹﾝ,ｶﾅｻﾞﾜｼ,ﾃﾞﾝﾄﾞｳｼﾞﾏﾁ,石川県,金沢市,伝燈寺町,0,配達適用外地域,無し,,,,,,,,,,,,
9200068,ｲｼｶﾜｹﾝ,ｶﾅｻﾞﾜｼ,ﾄｲﾀ,石川県,金沢市,戸板,3,戸板,月木,,,,,,,,,,,,
9200069,ｲｼｶﾜｹﾝ,ｶﾅｻﾞﾜｼ,ﾄｲﾀﾆｼ,石川県,金沢市,戸板西,3,戸板,月木,,,,,,,,,,,,
9200061,ｲｼｶﾜｹﾝ,ｶﾅｻﾞﾜｼ,ﾄｲﾔﾏﾁ,石川県,金沢市,問屋町,7,諸江,月木,,,,,,,,,,,,
9218015,ｲｼｶﾜｹﾝ,ｶﾅｻﾞﾜｼ,ﾄｳﾘｷ,石川県,金沢市,東力,6,弥生,火金,,,,,,,,,,,,
9218016,ｲｼｶﾜｹﾝ,ｶﾅｻﾞﾜｼ,ﾄｳﾘｷﾏﾁ,石川県,金沢市,東力町,6,弥生,火金,,,,,,,,,,,,
9201133,ｲｼｶﾜｹﾝ,ｶﾅｻﾞﾜｼ,ﾄｳﾛｸﾏﾁ,石川県,金沢市,藤六町,0,配達適用外地域,無し,,,,,,,,,,,,
9218171,ｲｼｶﾜｹﾝ,ｶﾅｻﾞﾜｼ,ﾄｶﾞｼ,石川県,金沢市,富樫,6,弥生,火金,,,,,,,,,,,,
9200834,ｲｼｶﾜｹﾝ,ｶﾅｻﾞﾜｼ,ﾄｷﾜﾏﾁ,石川県,金沢市,常盤町,0,配達適用外地域,無し,,,,,,,,,,,,
9200101,ｲｼｶﾜｹﾝ,ｶﾅｻﾞﾜｼ,ﾄｷﾞﾔﾏﾁ,石川県,金沢市,利屋町,0,配達適用外地域,無し,,,,,,,,,,,,
9200938,ｲｼｶﾜｹﾝ,ｶﾅｻﾞﾜｼ,ﾄﾋﾞｳﾒﾁｮｳ,石川県,金沢市,飛梅町,0,配達適用外地域,無し,,,,,,,,,,,,
9208204,ｲｼｶﾜｹﾝ,ｶﾅｻﾞﾜｼ,ﾄﾐｽﾞ,石川県,金沢市,戸水,7,諸江,月木,,,,,,,,,,,,
9200223,ｲｼｶﾜｹﾝ,ｶﾅｻﾞﾜｼ,ﾄﾐｽﾞﾏﾁ,石川県,金沢市,戸水町,7,諸江,月木,,,,,,,,,,,,
9201105,ｲｼｶﾜｹﾝ,ｶﾅｻﾞﾜｼ,ﾄﾑﾛｼﾝﾎﾞ,石川県,金沢市,戸室新保,0,配達適用外地域,無し,,,,,,,,,,,,
9201106,ｲｼｶﾜｹﾝ,ｶﾅｻﾞﾜｼ,ﾄﾑﾛﾍﾞｯｼｮ,石川県,金沢市,戸室別所,0,配達適用外地域,無し,,,,,,,,,,,,
9200372,ｲｼｶﾜｹﾝ,ｶﾅｻﾞﾜｼ,ﾄﾖﾎﾏﾁ,石川県,金沢市,豊穂町,0,配達適用外地域,無し,,,,,,,,,,,,
9208218,ｲｼｶﾜｹﾝ,ｶﾅｻﾞﾜｼ,ﾅｵｴｷﾀ,石川県,金沢市,直江北,7,諸江,月木,,,,,,,,,,,,
9200141,ｲｼｶﾜｹﾝ,ｶﾅｻﾞﾜｼ,ﾅｵｴﾉﾏﾁ,石川県,金沢市,直江野町,7,諸江,月木,,,,,,,,,,,,
9208216,ｲｼｶﾜｹﾝ,ｶﾅｻﾞﾜｼ,ﾅｵｴﾏﾁ,石川県,金沢市,直江町,7,諸江,月木,,,,,,,,,,,,
9200124,ｲｼｶﾜｹﾝ,ｶﾅｻﾞﾜｼ,ﾅｶｵﾏﾁ,石川県,金沢市,中尾町,0,配達適用外地域,無し,,,,,,,,,,,,
9200975,ｲｼｶﾜｹﾝ,ｶﾅｻﾞﾜｼ,ﾅｶｶﾜﾖｹﾏﾁ,石川県,金沢市,中川除町,8,平和町,火金,,,,,,,,,,,,
9201336,ｲｼｶﾜｹﾝ,ｶﾅｻﾞﾜｼ,ﾅｶﾄﾏﾁ,石川県,金沢市,中戸町,0,配達適用外地域,無し,,,,,,,,,,,,
9200035,ｲｼｶﾜｹﾝ,ｶﾅｻﾞﾜｼ,ﾅｶﾊﾞｼﾏﾁ,石川県,金沢市,中橋町,8,平和町,火金,,,,,,,,,,,,
9218022,ｲｼｶﾜｹﾝ,ｶﾅｻﾞﾜｼ,ﾅｶﾑﾗﾏﾁ,石川県,金沢市,中村町,8,平和町,火金,,,,,,,,,,,,
9200381,ｲｼｶﾜｹﾝ,ｶﾅｻﾞﾜｼ,ﾅｶﾔ,石川県,金沢市,中屋,5,金石,月木,,,,,,,,,,,,
9200375,ｲｼｶﾜｹﾝ,ｶﾅｻﾞﾜｼ,ﾅｶﾔﾏﾁ,石川県,金沢市,中屋町,5,金石,月木,,,,,,,,,,,,
9201109,ｲｼｶﾜｹﾝ,ｶﾅｻﾞﾜｼ,ﾅｶﾔﾏﾏﾁ,石川県,金沢市,中山町,0,配達適用外地域,無し,,,,,,,,,,,,
9200379,ｲｼｶﾜｹﾝ,ｶﾅｻﾞﾜｼ,ﾅｶﾔﾐﾅﾐ,石川県,金沢市,中屋南,5,金石,月木,,,,,,,,,,,,
9218112,ｲｼｶﾜｹﾝ,ｶﾅｻﾞﾜｼ,ﾅｶﾞｻｶ,石川県,金沢市,長坂,8,平和町,火金,,,,,,,,,,,,
9218115,ｲｼｶﾜｹﾝ,ｶﾅｻﾞﾜｼ,ﾅｶﾞｻｶﾀﾞｲ,石川県,金沢市,長坂台,8,平和町,火金,,,,,,,,,,,,
9218114,ｲｼｶﾜｹﾝ,ｶﾅｻﾞﾜｼ,ﾅｶﾞｻｶﾏﾁ,石川県,金沢市,長坂町,8,平和町,火金,,,,,,,,,,,,
9200043,ｲｼｶﾜｹﾝ,ｶﾅｻﾞﾜｼ,ﾅｶﾞﾀ,石川県,金沢市,長田,6,弥生,火金,,,,,,,,,,,,
9200041,ｲｼｶﾜｹﾝ,ｶﾅｻﾞﾜｼ,ﾅｶﾞﾀﾎﾝﾏﾁ,石川県,金沢市,長田本町,6,弥生,火金,,,,,,,,,,,,
9200042,ｲｼｶﾜｹﾝ,ｶﾅｻﾞﾜｼ,ﾅｶﾞﾀﾏﾁ,石川県,金沢市,長田町,6,弥生,火金,,,,,,,,,,,,
9200867,ｲｼｶﾜｹﾝ,ｶﾅｻﾞﾜｼ,ﾅｶﾞﾄﾞﾍ,石川県,金沢市,長土塀,3,戸板,月木,,,,,,,,,,,,
9200865,ｲｼｶﾜｹﾝ,ｶﾅｻﾞﾜｼ,ﾅｶﾞﾏﾁ,石川県,金沢市,長町,3,戸板,月木,,,,,,,,,,,,
9200151,ｲｼｶﾜｹﾝ,ｶﾅｻﾞﾜｼ,ﾅｼﾉｷﾏﾁ,石川県,金沢市,梨木町,0,配達適用外地域,無し,,,,,,,,,,,,
9200021,ｲｼｶﾜｹﾝ,ｶﾅｻﾞﾜｼ,ﾅﾅﾂﾔﾏﾁ,石川県,金沢市,七ツ屋町,0,配達適用外地域,無し,,,,,,,,,,,,
9201137,ｲｼｶﾜｹﾝ,ｶﾅｻﾞﾜｼ,ﾅﾅﾏｶﾞﾘﾏﾁ,石川県,金沢市,七曲町,0,配達適用外地域,無し,,,,,,,,,,,,
9200928,ｲｼｶﾜｹﾝ,ｶﾅｻﾞﾜｼ,ﾅﾐｷﾏﾁ,石川県,金沢市,並木町,0,配達適用外地域,無し,,,,,,,,,,,,
9200152,ｲｼｶﾜｹﾝ,ｶﾅｻﾞﾜｼ,ﾅﾗｾﾓﾄﾏﾁ,石川県,金沢市,鳴瀬元町,0,配達適用外地域,無し,,,,,,,,,,,,
9200804,ｲｼｶﾜｹﾝ,ｶﾅｻﾞﾜｼ,ﾅﾙﾜ,石川県,金沢市,鳴和,0,配達適用外地域,無し,,,,,,,,,,,,
9200815,ｲｼｶﾜｹﾝ,ｶﾅｻﾞﾜｼ,ﾅﾙﾜﾀﾞｲ,石川県,金沢市,鳴和台,0,配達適用外地域,無し,,,,,,,,,,,,
9200814,ｲｼｶﾜｹﾝ,ｶﾅｻﾞﾜｼ,ﾅﾙﾜﾏﾁ,石川県,金沢市,鳴和町,0,配達適用外地域,無し,,,,,,,,,,,,
9218043,ｲｼｶﾜｹﾝ,ｶﾅｻﾞﾜｼ,ﾆｼｲｽﾞﾐ,石川県,金沢市,西泉,6,弥生,火金,,,,,,,,,,,,
9201136,ｲｼｶﾜｹﾝ,ｶﾅｻﾞﾜｼ,ﾆｼｲﾁﾉｾﾏﾁ,石川県,金沢市,西市瀬町,0,配達適用外地域,無し,,,,,,,,,,,,
9218102,ｲｼｶﾜｹﾝ,ｶﾅｻﾞﾜｼ,ﾆｼｵｵｸﾜﾏﾁ,石川県,金沢市,西大桑町,8,平和町,火金,,,,,,,,,,,,
9218054,ｲｼｶﾜｹﾝ,ｶﾅｻﾞﾜｼ,ﾆｼｶﾅｻﾞﾜ,石川県,金沢市,西金沢,6,弥生,火金,,,,,,,,,,,,
9218055,ｲｼｶﾜｹﾝ,ｶﾅｻﾞﾜｼ,ﾆｼｶﾅｻﾞﾜｼﾝﾏﾁ,石川県,金沢市,西金沢新町,6,弥生,火金,,,,,,,,,,,,
9200952,ｲｼｶﾜｹﾝ,ｶﾅｻﾞﾜｼ,ﾆｼｷﾏﾁ,石川県,金沢市,錦町,8,平和町,火金,,,,,,,,,,,,
9200913,ｲｼｶﾜｹﾝ,ｶﾅｻﾞﾜｼ,ﾆｼﾁｮｳ3ﾊﾞﾝﾁｮｳ,石川県,金沢市,西町三番丁,0,配達適用外地域,無し,,,,,,,,,,,,
9200914,ｲｼｶﾜｹﾝ,ｶﾅｻﾞﾜｼ,ﾆｼﾁｮｳ4ﾊﾞﾝﾁｮｳ,石川県,金沢市,西町四番丁,0,配達適用外地域,無し,,,,,,,,,,,,
9200915,ｲｼｶﾜｹﾝ,ｶﾅｻﾞﾜｼ,ﾆｼﾁｮｳﾔﾌﾞﾉｳﾁﾄﾞｵﾘ,石川県,金沢市,西町藪ノ内通,0,配達適用外地域,無し,,,,,,,,,,,,
9200067,ｲｼｶﾜｹﾝ,ｶﾅｻﾞﾜｼ,ﾆﾉﾐﾔﾏﾁ,石川県,金沢市,二宮町,0,配達適用外地域,無し,,,,,,,,,,,,
9218146,ｲｼｶﾜｹﾝ,ｶﾅｻﾞﾜｼ,ﾇｶｵﾄﾏﾙﾏﾁ,石川県,金沢市,額乙丸町,1,額,月木,,,,,,,,,,,,
9218148,ｲｼｶﾜｹﾝ,ｶﾅｻﾞﾜｼ,ﾇｶｼﾝﾎﾞ,石川県,金沢市,額新保,1,額,月木,,,,,,,,,,,,
9218149,ｲｼｶﾜｹﾝ,ｶﾅｻﾞﾜｼ,ﾇｶｼﾝﾏﾁ,石川県,金沢市,額新町,1,額,月木,,,,,,,,,,,,
9218145,ｲｼｶﾜｹﾝ,ｶﾅｻﾞﾜｼ,ﾇｶﾀﾞﾆ,石川県,金沢市,額谷,1,額,月木,,,,,,,,,,,,
9218144,ｲｼｶﾜｹﾝ,ｶﾅｻﾞﾜｼ,ﾇｶﾀﾞﾆﾏﾁ,石川県,金沢市,額谷町,1,額,月木,,,,,,,,,,,,
9200142,ｲｼｶﾜｹﾝ,ｶﾅｻﾞﾜｼ,ﾉｳﾈﾝﾏﾁ,石川県,金沢市,納年町,0,配達適用外地域,無し,,,,,,,,,,,,
9218104,ｲｼｶﾜｹﾝ,ｶﾅｻﾞﾜｼ,ﾉﾀﾞﾏﾁ,石川県,金沢市,野田町,8,平和町,火金,,,,,,,,,,,,
9218031,ｲｼｶﾜｹﾝ,ｶﾅｻﾞﾜｼ,ﾉﾏﾁ,石川県,金沢市,野町,8,平和町,火金,,,,,,,,,,,,
9200903,ｲｼｶﾜｹﾝ,ｶﾅｻﾞﾜｼ,ﾊﾞｸﾛﾏﾁ,石川県,金沢市,博労町,0,配達適用外地域,無し,,,,,,,,,,,,
9200911,ｲｼｶﾜｹﾝ,ｶﾅｻﾞﾜｼ,ﾊｼﾊﾞﾁｮｳ,石川県,金沢市,橋場町,0,配達適用外地域,無し,,,,,,,,,,,,
9203106,ｲｼｶﾜｹﾝ,ｶﾅｻﾞﾜｼ,ﾊｯﾀﾏﾁ,石川県,金沢市,八田町,0,配達適用外地域,無し,,,,,,,,,,,,
9203104,ｲｼｶﾜｹﾝ,ｶﾅｻﾞﾜｼ,ﾊｯﾀﾏﾁﾋｶﾞｼ,石川県,金沢市,八田町東,0,配達適用外地域,無し,,,,,,,,,,,,
9203105,ｲｼｶﾜｹﾝ,ｶﾅｻﾞﾜｼ,ﾊｯﾀﾏﾁﾆｼ,石川県,金沢市,八田町西,0,配達適用外地域,無し,,,,,,,,,,,,
9200951,ｲｼｶﾜｹﾝ,ｶﾅｻﾞﾜｼ,ﾊﾅｻﾞﾄﾏﾁ,石川県,金沢市,花里町,0,配達適用外地域,無し,,,,,,,,,,,,
9200103,ｲｼｶﾜｹﾝ,ｶﾅｻﾞﾜｼ,ﾊﾅｿﾞﾉﾔﾜﾀﾏﾁ,石川県,金沢市,花園八幡町,0,配達適用外地域,無し,,,,,,,,,,,,
9201128,ｲｼｶﾜｹﾝ,ｶﾅｻﾞﾜｼ,ﾊﾊﾞﾏﾁ,石川県,金沢市,羽場町,0,配達適用外地域,無し,,,,,,,,,,,,
9218142,ｲｼｶﾜｹﾝ,ｶﾅｻﾞﾜｼ,ﾋｶﾘｶﾞｵｶ,石川県,金沢市,光が丘,1,額,月木,,,,,,,,,,,,
9201131,ｲｼｶﾜｹﾝ,ｶﾅｻﾞﾜｼ,ﾋｶﾞｼｱﾗﾔﾏﾁ,石川県,金沢市,東荒屋町,0,配達適用外地域,無し,,,,,,,,,,,,
9201134,ｲｼｶﾜｹﾝ,ｶﾅｻﾞﾜｼ,ﾋｶﾞｼｲﾁﾉｾﾏﾁ,石川県,金沢市,東市瀬町,0,配達適用外地域,無し,,,,,,,,,,,,
9200209,ｲｼｶﾜｹﾝ,ｶﾅｻﾞﾜｼ,ﾋｶﾞｼｶｶﾞﾂﾒﾏﾁ,石川県,金沢市,東蚊爪町,7,諸江,月木,,,,,,,,,,,,
9200933,ｲｼｶﾜｹﾝ,ｶﾅｻﾞﾜｼ,ﾋｶﾞｼｹﾝﾛｸﾏﾁ,石川県,金沢市,東兼六町,8,平和町,火金,,,,,,,,,,,,
9200822,ｲｼｶﾜｹﾝ,ｶﾅｻﾞﾜｼ,ﾋｶﾞｼﾅｶﾞｴﾏﾁ,石川県,金沢市,東長江町,0,配達適用外地域,無し,,,,,,,,,,,,
9200131,ｲｼｶﾜｹﾝ,ｶﾅｻﾞﾜｼ,ﾋｶﾞｼﾊﾗﾏﾁ,石川県,金沢市,東原町,0,配達適用外地域,無し,,,,,,,,,,,,
9201121,ｲｼｶﾜｹﾝ,ｶﾅｻﾞﾜｼ,ﾋｶﾞｼﾏﾁ,石川県,金沢市,東町,0,配達適用外地域,無し,,,,,,,,,,,,
9200835,ｲｼｶﾜｹﾝ,ｶﾅｻﾞﾜｼ,ﾋｶﾞｼﾐｶｹﾞﾏﾁ,石川県,金沢市,東御影町,0,配達適用外地域,無し,,,,,,,,,,,,
9200831,ｲｼｶﾜｹﾝ,ｶﾅｻﾞﾜｼ,ﾋｶﾞｼﾔﾏ,石川県,金沢市,東山,0,配達適用外地域,無し,,,,,,,,,,,,
9200003,ｲｼｶﾜｹﾝ,ｶﾅｻﾞﾜｼ,ﾋｷﾀﾞ,石川県,金沢市,疋田,7,諸江,月木,,,,,,,,,,,,
9200004,ｲｼｶﾜｹﾝ,ｶﾅｻﾞﾜｼ,ﾋｷﾀﾞﾏﾁ,石川県,金沢市,疋田町,7,諸江,月木,,,,,,,,,,,,
9200901,ｲｼｶﾜｹﾝ,ｶﾅｻﾞﾜｼ,ﾋｺｿﾏﾁ,石川県,金沢市,彦三町,0,配達適用外地域,無し,,,,,,,,,,,,
9218164,ｲｼｶﾜｹﾝ,ｶﾅｻﾞﾜｼ,ﾋｻﾔｽ,石川県,金沢市,久安,6,弥生,火金,,,,,,,,,,,,
9201111,ｲｼｶﾜｹﾝ,ｶﾅｻﾞﾜｼ,ﾋｼｲｹｵﾊﾗﾏﾁ,石川県,金沢市,菱池小原町,0,配達適用外地域,無し,,,,,,,,,,,,
9200845,ｲｼｶﾜｹﾝ,ｶﾅｻﾞﾜｼ,ﾋｮｳﾀﾝﾏﾁ,石川県,金沢市,瓢箪町,0,配達適用外地域,無し,,,,,,,,,,,,
9200033,ｲｼｶﾜｹﾝ,ｶﾅｻﾞﾜｼ,ﾋﾖｼﾏﾁ,石川県,金沢市,日吉町,0,配達適用外地域,無し,,,,,,,,,,,,
9218121,ｲｼｶﾜｹﾝ,ｶﾅｻﾞﾜｼ,ﾋﾗｸﾞﾘ,石川県,金沢市,平栗,0,配達適用外地域,無し,,,,,,,,,,,,
9200031,ｲｼｶﾜｹﾝ,ｶﾅｻﾞﾜｼ,ﾋﾛｵｶ,石川県,金沢市,広岡,3,戸板,月木,,,,,,,,,,,,
9200032,ｲｼｶﾜｹﾝ,ｶﾅｻﾞﾜｼ,ﾋﾛｵｶﾏﾁ,石川県,金沢市,広岡町,3,戸板,月木,,,,,,,,,,,,
9200962,ｲｼｶﾜｹﾝ,ｶﾅｻﾞﾜｼ,ﾋﾛｻｶ,石川県,金沢市,広坂,3,戸板,月木,,,,,,,,,,,,
9200165,ｲｼｶﾜｹﾝ,ｶﾅｻﾞﾜｼ,ﾌｶﾀﾆﾏﾁ,石川県,金沢市,深谷町,0,配達適用外地域,無し,,,,,,,,,,,,
9200167,ｲｼｶﾜｹﾝ,ｶﾅｻﾞﾜｼ,ﾌｸﾊﾞﾀｹﾏﾁ,石川県,金沢市,福畠町,0,配達適用外地域,無し,,,,,,,,,,,,
9203126,ｲｼｶﾜｹﾝ,ｶﾅｻﾞﾜｼ,ﾌｸﾋｻ,石川県,金沢市,福久,0,配達適用外地域,無し,,,,,,,,,,,,
9203122,ｲｼｶﾜｹﾝ,ｶﾅｻﾞﾜｼ,ﾌｸﾋｻﾏﾁ,石川県,金沢市,福久町,0,配達適用外地域,無し,,,,,,,,,,,,
9203123,ｲｼｶﾜｹﾝ,ｶﾅｻﾞﾜｼ,ﾌｸﾋｻﾋｶﾞｼ,石川県,金沢市,福久東,0,配達適用外地域,無し,,,,,,,,,,,,
9200376,ｲｼｶﾜｹﾝ,ｶﾅｻﾞﾜｼ,ﾌｸﾏｽﾏﾁ,石川県,金沢市,福増町,5,金石,月木,,,,,,,,,,,,
9201144,ｲｼｶﾜｹﾝ,ｶﾅｻﾞﾜｼ,ﾌｸﾛｲﾀﾔﾏﾁ,石川県,金沢市,袋板屋町,0,配達適用外地域,無し,,,,,,,,,,,,
9200361,ｲｼｶﾜｹﾝ,ｶﾅｻﾞﾜｼ,ﾌｸﾛﾊﾞﾀｹﾏﾁ,石川県,金沢市,袋畠町,0,配達適用外地域,無し,,,,,,,,,,,,
9200909,ｲｼｶﾜｹﾝ,ｶﾅｻﾞﾜｼ,ﾌｸﾛﾏﾁ,石川県,金沢市,袋町,0,配達適用外地域,無し,,,,,,,,,,,,
9218172,ｲｼｶﾜｹﾝ,ｶﾅｻﾞﾜｼ,ﾌｼﾐｼﾝﾏﾁ,石川県,金沢市,伏見新町,1,額,月木,,,,,,,,,,,,
9218177,ｲｼｶﾜｹﾝ,ｶﾅｻﾞﾜｼ,ﾌｼﾐﾀﾞｲ,石川県,金沢市,伏見台,1,額,月木,,,,,,,,,,,,
9200351,ｲｼｶﾜｹﾝ,ｶﾅｻﾞﾜｼ,ﾌｼｮｳｼﾞﾏﾁ,石川県,金沢市,普正寺町,5,金石,月木,,,,,,,,,,,,
9200346,ｲｼｶﾜｹﾝ,ｶﾅｻﾞﾜｼ,ﾌｼﾞｴﾐﾅﾐ,石川県,金沢市,藤江南,3,戸板,月木,,,,,,,,,,,,
9200345,ｲｼｶﾜｹﾝ,ｶﾅｻﾞﾜｼ,ﾌｼﾞｴｷﾀ,石川県,金沢市,藤江北,3,戸板,月木,,,,,,,,,,,,
9200051,ｲｼｶﾜｹﾝ,ｶﾅｻﾞﾜｼ,ﾌﾀｸﾁﾏﾁ,石川県,金沢市,二口町,3,戸板,月木,,,,,,,,,,,,
9200354,ｲｼｶﾜｹﾝ,ｶﾅｻﾞﾜｼ,ﾌﾀﾂﾃﾞﾗﾏﾁ,石川県,金沢市,二ツ寺町,3,戸板,月木,,,,,,,,,,,,
9200065,ｲｼｶﾜｹﾝ,ｶﾅｻﾞﾜｼ,ﾌﾀﾂﾔﾏﾁ,石川県,金沢市,二ツ屋町,3,戸板,月木,,,,,,,,,,,,
9201316,ｲｼｶﾜｹﾝ,ｶﾅｻﾞﾜｼ,ﾌﾀﾏﾀｼﾝﾏﾁ,石川県,金沢市,二又新町,0,配達適用外地域,無し,,,,,,,,,,,,
9201102,ｲｼｶﾜｹﾝ,ｶﾅｻﾞﾜｼ,ﾌﾀﾏﾀﾏﾁ,石川県,金沢市,二俣町,0,配達適用外地域,無し,,,,,,,,,,,,
9200107,ｲｼｶﾜｹﾝ,ｶﾅｻﾞﾜｼ,ﾌﾂｶｲﾁﾏﾁ,石川県,金沢市,二日市町,0,配達適用外地域,無し,,,,,,,,,,,,
9200173,ｲｼｶﾜｹﾝ,ｶﾅｻﾞﾜｼ,ﾌﾄﾞｳｼﾞﾏﾁ,石川県,金沢市,不動寺町,0,配達適用外地域,無し,,,,,,,,,,,,
9200147,ｲｼｶﾜｹﾝ,ｶﾅｻﾞﾜｼ,ﾌﾑﾛﾏﾁ,石川県,金沢市,不室町,0,配達適用外地域,無し,,,,,,,,,,,,
9200156,ｲｼｶﾜｹﾝ,ｶﾅｻﾞﾜｼ,ﾌﾙﾔﾀﾞﾆﾏﾁ,石川県,金沢市,古屋谷町,0,配達適用外地域,無し,,,,,,,,,,,,
9218105,ｲｼｶﾜｹﾝ,ｶﾅｻﾞﾜｼ,ﾍｲﾜﾏﾁ,石川県,金沢市,平和町,8,平和町,火金,,,,,,,,,,,,
9201341,ｲｼｶﾜｹﾝ,ｶﾅｻﾞﾜｼ,ﾍﾞｯｼｮﾏﾁ,石川県,金沢市,別所町,0,配達適用外地域,無し,,,,,,,,,,,,
9203132,ｲｼｶﾜｹﾝ,ｶﾅｻﾞﾜｼ,ﾎｳｺｳｼﾞﾏﾁ,石川県,金沢市,法光寺町,0,配達適用外地域,無し,,,,,,,,,,,,
9200862,ｲｼｶﾜｹﾝ,ｶﾅｻﾞﾜｼ,ﾎｳｻｲ,石川県,金沢市,芳斉,8,平和町,火金,,,,,,,,,,,,
9218101,ｲｼｶﾜｹﾝ,ｶﾅｻﾞﾜｼ,ﾎｳｼﾏﾏﾁ,石川県,金沢市,法島町,8,平和町,火金,,,,,,,,,,,,
9200177,ｲｼｶﾜｹﾝ,ｶﾅｻﾞﾜｼ,ﾎｸﾖｳﾀﾞｲ,石川県,金沢市,北陽台,0,配達適用外地域,無し,,,,,,,,,,,,
9218052,ｲｼｶﾜｹﾝ,ｶﾅｻﾞﾜｼ,ﾎｺﾞ,石川県,金沢市,保古,6,弥生,火金,,,,,,,,,,,,
9218053,ｲｼｶﾜｹﾝ,ｶﾅｻﾞﾜｼ,ﾎｺﾞﾏﾁ,石川県,金沢市,保古町,6,弥生,火金,,,,,,,,,,,,
9200849,ｲｼｶﾜｹﾝ,ｶﾅｻﾞﾜｼ,ﾎﾘｶﾜｼﾝﾏﾁ,石川県,金沢市,堀川新町,0,配達適用外地域,無し,,,,,,,,,,,,
9200847,ｲｼｶﾜｹﾝ,ｶﾅｻﾞﾜｼ,ﾎﾘｶﾜﾏﾁ,石川県,金沢市,堀川町,0,配達適用外地域,無し,,,,,,,,,,,,
9200133,ｲｼｶﾜｹﾝ,ｶﾅｻﾞﾜｼ,ﾎﾘｷﾘﾏﾁ,石川県,金沢市,堀切町,0,配達適用外地域,無し,,,,,,,,,,,,
9200964,ｲｼｶﾜｹﾝ,ｶﾅｻﾞﾜｼ,ﾎﾝﾀﾞﾏﾁ,石川県,金沢市,本多町,8,平和町,火金,,,,,,,,,,,,
9200853,ｲｼｶﾜｹﾝ,ｶﾅｻﾞﾜｼ,ﾎﾝﾏﾁ,石川県,金沢市,本町,0,配達適用外地域,無し,,,,,,,,,,,,
9218141,ｲｼｶﾜｹﾝ,ｶﾅｻﾞﾜｼ,ﾏｶﾞｴ,石川県,金沢市,馬替,1,額,月木,,,,,,,,,,,,
9200827,ｲｼｶﾜｹﾝ,ｶﾅｻﾞﾜｼ,ﾏｷﾏﾁ,石川県,金沢市,牧町,0,配達適用外地域,無し,,,,,,,,,,,,
9200148,ｲｼｶﾜｹﾝ,ｶﾅｻﾞﾜｼ,ﾏｷﾔﾏﾏﾁ,石川県,金沢市,牧山町,0,配達適用外地域,無し,,,,,,,,,,,,
9218005,ｲｼｶﾜｹﾝ,ｶﾅｻﾞﾜｼ,ﾏｷﾞﾗﾏﾁ,石川県,金沢市,間明町,2,西南部,火金,,,,,,,,,,,,
9200134,ｲｼｶﾜｹﾝ,ｶﾅｻﾞﾜｼ,ﾏｹﾞｼﾊﾗﾏﾁ,石川県,金沢市,曲子原町,0,配達適用外地域,無し,,,,,,,,,,,,
9218025,ｲｼｶﾜｹﾝ,ｶﾅｻﾞﾜｼ,ﾏｽｲｽﾞﾐ,石川県,金沢市,増泉,8,平和町,火金,,,,,,,,,,,,
9200364,ｲｼｶﾜｹﾝ,ｶﾅｻﾞﾜｼ,ﾏﾂｼﾏ,石川県,金沢市,松島,5,金石,月木,,,,,,,,,,,,
9200364,ｲｼｶﾜｹﾝ,ｶﾅｻﾞﾜｼ,ﾏﾂｼﾏﾏﾁ,石川県,金沢市,松島町,5,金石,月木,,,,,,,,,,,,
9200011,ｲｼｶﾜｹﾝ,ｶﾅｻﾞﾜｼ,ﾏﾂﾃﾞﾗﾏﾁ,石川県,金沢市,松寺町,7,諸江,月木,,,,,,,,,,,,
9200136,ｲｼｶﾜｹﾝ,ｶﾅｻﾞﾜｼ,ﾏﾂﾈﾏﾁ,石川県,金沢市,松根町,0,配達適用外地域,無し,,,,,,,,,,,,
9200348,ｲｼｶﾜｹﾝ,ｶﾅｻﾞﾜｼ,ﾏﾂﾑﾗ,石川県,金沢市,松村,3,戸板,月木,,,,,,,,,,,,
9200347,ｲｼｶﾜｹﾝ,ｶﾅｻﾞﾜｼ,ﾏﾂﾑﾗﾏﾁ,石川県,金沢市,松村町,3,戸板,月木,,,,,,,,,,,,
9218047,ｲｼｶﾜｹﾝ,ｶﾅｻﾞﾜｼ,ﾏﾒﾀﾞﾎﾝﾏﾁ(ﾊ､ﾛ),石川県,金沢市,大豆田本町（ハ、ロ）,3,戸板,月木,,,,,,,,,,,,
9200047,ｲｼｶﾜｹﾝ,ｶﾅｻﾞﾜｼ,ﾏﾒﾀﾞﾎﾝﾏﾁ(ｿﾉﾀ),石川県,金沢市,大豆田本町（その他）,3,戸板,月木,,,,,,,,,,,,
9200937,ｲｼｶﾜｹﾝ,ｶﾅｻﾞﾜｼ,ﾏﾙﾉｳﾁ,石川県,金沢市,丸の内,0,配達適用外地域,無し,,,,,,,,,,,,
9200809,ｲｼｶﾜｹﾝ,ｶﾅｻﾞﾜｼ,ﾐｲｹｻｶｴﾏﾁ,石川県,金沢市,三池栄町,0,配達適用外地域,無し,,,,,,,,,,,,
9200808,ｲｼｶﾜｹﾝ,ｶﾅｻﾞﾜｼ,ﾐｲｹｼﾝﾏﾁ,石川県,金沢市,三池新町,0,配達適用外地域,無し,,,,,,,,,,,,
9200802,ｲｼｶﾜｹﾝ,ｶﾅｻﾞﾜｼ,ﾐｲｹﾏﾁ,石川県,金沢市,三池町,0,配達適用外地域,無し,,,,,,,,,,,,
9200063,ｲｼｶﾜｹﾝ,ｶﾅｻﾞﾜｼ,ﾐｳﾗﾏﾁ,石川県,金沢市,三浦町,7,諸江,月木,,,,,,,,,,,,
9218021,ｲｼｶﾜｹﾝ,ｶﾅｻﾞﾜｼ,ﾐｶｹﾞﾏﾁ,石川県,金沢市,御影町,7,諸江,月木,,,,,,,,,,,,
9200201,ｲｼｶﾜｹﾝ,ｶﾅｻﾞﾜｼ,ﾐｽﾞｷ,石川県,金沢市,みずき,7,諸江,月木,,,,,,,,,,,,
9200978,ｲｼｶﾜｹﾝ,ｶﾅｻﾞﾜｼ,ﾐｽﾞﾀﾒﾏﾁ,石川県,金沢市,水溜町,8,平和町,火金,,,,,,,,,,,,
9201321,ｲｼｶﾜｹﾝ,ｶﾅｻﾞﾜｼ,ﾐｽﾞﾌﾞﾁﾏﾁ,石川県,金沢市,水淵町,0,配達適用外地域,無し,,,,,,,,,,,,
9200944,ｲｼｶﾜｹﾝ,ｶﾅｻﾞﾜｼ,ﾐﾂｸﾁｼﾝﾏﾁ,石川県,金沢市,三口新町,4,田上,火金,,,,,,,,,,,,
9200018,ｲｼｶﾜｹﾝ,ｶﾅｻﾞﾜｼ,ﾐﾂｸﾁﾏﾁ,石川県,金沢市,三口町,4,田上,火金,,,,,,,,,,,,
9201346,ｲｼｶﾜｹﾝ,ｶﾅｻﾞﾜｼ,ﾐﾂｺｳｼﾞﾏﾁ,石川県,金沢市,三小牛町,0,配達適用外地域,無し,,,,,,,,,,,,
9218046,ｲｼｶﾜｹﾝ,ｶﾅｻﾞﾜｼ,ﾐﾂｺｳｼﾞﾏﾁ(ﾍ),石川県,金沢市,三小牛町（ヘ）,0,配達適用外地域,無し,,,,,,,,,,,,
9200214,ｲｼｶﾜｹﾝ,ｶﾅｻﾞﾜｼ,ﾐﾂﾔﾏﾁ,石川県,金沢市,三ツ屋町,0,配達適用外地域,無し,,,,,,,,,,,,
9200373,ｲｼｶﾜｹﾝ,ｶﾅｻﾞﾜｼ,ﾐﾄﾞﾘ,石川県,金沢市,みどり,5,金石,月木,,,,,,,,,,,,
9218117,ｲｼｶﾜｹﾝ,ｶﾅｻﾞﾜｼ,ﾐﾄﾞﾘｶﾞｵｶ,石川県,金沢市,緑が丘,8,平和町,火金,,,,,,,,,,,,
9200211,ｲｼｶﾜｹﾝ,ｶﾅｻﾞﾜｼ,ﾐﾅﾄ,石川県,金沢市,湊,7,諸江,月木,,,,,,,,,,,,
9200812,ｲｼｶﾜｹﾝ,ｶﾅｻﾞﾜｼ,ﾐﾅﾐｺﾞｼｮﾏﾁ,石川県,金沢市,南御所町,0,配達適用外地域,無し,,,,,,,,,,,,
9218134,ｲｼｶﾜｹﾝ,ｶﾅｻﾞﾜｼ,ﾐﾅﾐｼｼﾞﾏ,石川県,金沢市,南四十万,50,白山,水土,,,,,,,,,,,,
9200064,ｲｼｶﾜｹﾝ,ｶﾅｻﾞﾜｼ,ﾐﾅﾐｼﾝﾎﾞﾏﾁ,石川県,金沢市,南新保町,7,諸江,月木,,,,,,,,,,,,
9200127,ｲｼｶﾜｹﾝ,ｶﾅｻﾞﾜｼ,ﾐﾅﾐｾﾝｺﾞｸﾏﾁ,石川県,金沢市,南千谷町,0,配達適用外地域,無し,,,,,,,,,,,,
9200919,ｲｼｶﾜｹﾝ,ｶﾅｻﾞﾜｼ,ﾐﾅﾐﾁｮｳ,石川県,金沢市,南町,0,配達適用外地域,無し,,,,,,,,,,,,
9200366,ｲｼｶﾜｹﾝ,ｶﾅｻﾞﾜｼ,ﾐﾅﾐﾂﾞｶﾏﾁ,石川県,金沢市,南塚町,5,金石,月木,,,,,,,,,,,,
9200044,ｲｼｶﾜｹﾝ,ｶﾅｻﾞﾜｼ,ﾐﾅﾐﾋﾛｵｶﾏﾁ,石川県,金沢市,南広岡町,3,戸板,月木,,,,,,,,,,,,
9203116,ｲｼｶﾜｹﾝ,ｶﾅｻﾞﾜｼ,ﾐﾅﾐﾓﾘﾓﾄﾏﾁ,石川県,金沢市,南森本町,0,配達適用外地域,無し,,,,,,,,,,,,
9200153,ｲｼｶﾜｹﾝ,ｶﾅｻﾞﾜｼ,ﾐﾔﾉﾏﾁ,石川県,金沢市,宮野町,0,配達適用外地域,無し,,,,,,,,,,,,
9200006,ｲｼｶﾜｹﾝ,ｶﾅｻﾞﾜｼ,ﾐﾔﾎﾞﾏﾁ,石川県,金沢市,宮保町,0,配達適用外地域,無し,,,,,,,,,,,,
9203115,ｲｼｶﾜｹﾝ,ｶﾅｻﾞﾜｼ,ﾐﾛｸﾏﾁ,石川県,金沢市,弥勒町,0,配達適用外地域,無し,,,,,,,,,,,,
9218162,ｲｼｶﾜｹﾝ,ｶﾅｻﾞﾜｼ,ﾐﾝﾏ,石川県,金沢市,三馬,1,額,月木,,,,,,,,,,,,
9200045,ｲｼｶﾜｹﾝ,ｶﾅｻﾞﾜｼ,ﾑｺｳﾅｶﾏﾁ,石川県,金沢市,向中町,0,配達適用外地域,無し,,,,,,,,,,,,
9200855,ｲｼｶﾜｹﾝ,ｶﾅｻﾞﾜｼ,ﾑｻｼﾏﾁ,石川県,金沢市,武蔵町,0,配達適用外地域,無し,,,,,,,,,,,,
9200333,ｲｼｶﾜｹﾝ,ｶﾅｻﾞﾜｼ,ﾑﾘｮｳｼﾞ,石川県,金沢市,無量寺,5,金石,月木,,,,,,,,,,,,
9200332,ｲｼｶﾜｹﾝ,ｶﾅｻﾞﾜｼ,ﾑﾘｮｳｼﾞﾏﾁ,石川県,金沢市,無量寺町,5,金石,月木,,,,,,,,,,,,
9201314,ｲｼｶﾜｹﾝ,ｶﾅｻﾞﾜｼ,ﾒｵﾄｽｷﾞﾏﾁ,石川県,金沢市,娚杉町,0,配達適用外地域,無し,,,,,,,,,,,,
9218012,ｲｼｶﾜｹﾝ,ｶﾅｻﾞﾜｼ,ﾓﾄｴﾁｮｳ,石川県,金沢市,本江町,0,配達適用外地域,無し,,,,,,,,,,,,
9200036,ｲｼｶﾜｹﾝ,ｶﾅｻﾞﾜｼ,ﾓﾄｷﾞｸﾁｮｳ,石川県,金沢市,元菊町,8,平和町,火金,,,,,,,,,,,,
9200842,ｲｼｶﾜｹﾝ,ｶﾅｻﾞﾜｼ,ﾓﾄﾏﾁ,石川県,金沢市,元町,0,配達適用外地域,無し,,,,,,,,,,,,
9203131,ｲｼｶﾜｹﾝ,ｶﾅｻﾞﾜｼ,ﾓﾓｻｶﾏﾁ,石川県,金沢市,百坂町,0,配達適用外地域,無し,,,,,,,,,,,,
9218061,ｲｼｶﾜｹﾝ,ｶﾅｻﾞﾜｼ,ﾓﾘﾄ,石川県,金沢市,森戸,2,西南部,火金,,,,,,,,,,,,
9201167,ｲｼｶﾜｹﾝ,ｶﾅｻﾞﾜｼ,ﾓﾘﾉｻﾄ,石川県,金沢市,もりの里,4,田上,火金,,,,,,,,,,,,
9200843,ｲｼｶﾜｹﾝ,ｶﾅｻﾞﾜｼ,ﾓﾘﾔﾏ,石川県,金沢市,森山,0,配達適用外地域,無し,,,,,,,,,,,,
9200014,ｲｼｶﾜｹﾝ,ｶﾅｻﾞﾜｼ,ﾓﾛｴﾏﾁ,石川県,金沢市,諸江町,7,諸江,月木,,,,,,,,,,,,
9200015,ｲｼｶﾜｹﾝ,ｶﾅｻﾞﾜｼ,ﾓﾛｴﾏﾁ(ｶﾐﾁｮｳ),石川県,金沢市,諸江町（上丁）,7,諸江,月木,,,,,,,,,,,,
9200016,ｲｼｶﾜｹﾝ,ｶﾅｻﾞﾜｼ,ﾓﾛｴﾏﾁ(ﾅｶﾁｮｳ),石川県,金沢市,諸江町（中丁）,7,諸江,月木,,,,,,,,,,,,
9200017,ｲｼｶﾜｹﾝ,ｶﾅｻﾞﾜｼ,ﾓﾛｴﾏﾁ(ｼﾓﾁｮｳ),石川県,金沢市,諸江町（下丁）,7,諸江,月木,,,,,,,,,,,,
9218066,ｲｼｶﾜｹﾝ,ｶﾅｻﾞﾜｼ,ﾔｷﾞ,石川県,金沢市,矢木,2,西南部,火金,,,,,,,,,,,,
9200052,ｲｼｶﾜｹﾝ,ｶﾅｻﾞﾜｼ,ﾔｸｼﾄﾞｳﾏﾁ,石川県,金沢市,薬師堂町,3,戸板,月木,,,,,,,,,,,,
9200174,ｲｼｶﾜｹﾝ,ｶﾅｻﾞﾜｼ,ﾔｸｼﾏﾁ,石川県,金沢市,薬師町,3,戸板,月木,,,,,,,,,,,,
9200854,ｲｼｶﾜｹﾝ,ｶﾅｻﾞﾜｼ,ﾔｽｴﾁｮｳ,石川県,金沢市,安江町,3,戸板,月木,,,,,,,,,,,,
9203133,ｲｼｶﾜｹﾝ,ｶﾅｻﾞﾜｼ,ﾔﾅｷﾞﾊﾞｼﾏﾁ,石川県,金沢市,柳橋町,0,配達適用外地域,無し,,,,,,,,,,,,
9201337,ｲｼｶﾜｹﾝ,ｶﾅｻﾞﾜｼ,ﾔﾏｺﾞﾏﾁ,石川県,金沢市,山川町,0,配達適用外地域,無し,,,,,,,,,,,,
9218175,ｲｼｶﾜｹﾝ,ｶﾅｻﾞﾜｼ,ﾔﾏｼﾅ,石川県,金沢市,山科,1,額,月木,,,,,,,,,,,,
9218174,ｲｼｶﾜｹﾝ,ｶﾅｻﾞﾜｼ,ﾔﾏｼﾅﾏﾁ,石川県,金沢市,山科町,1,額,月木,,,,,,,,,,,,
9200816,ｲｼｶﾜｹﾝ,ｶﾅｻﾞﾜｼ,ﾔﾏﾉｳｴﾏﾁ,石川県,金沢市,山の上町,0,配達適用外地域,無し,,,,,,,,,,,,
9218036,ｲｼｶﾜｹﾝ,ｶﾅｻﾞﾜｼ,ﾔﾖｲ,石川県,金沢市,弥生,6,弥生,火金,,,,,,,,,,,,
9200823,ｲｼｶﾜｹﾝ,ｶﾅｻﾞﾜｼ,ﾕｳﾋﾃﾞﾗﾏﾁ,石川県,金沢市,夕日寺町,0,配達適用外地域,無し,,,,,,,,,,,,
9200146,ｲｼｶﾜｹﾝ,ｶﾅｻﾞﾜｼ,ﾕﾉｷﾏﾁ,石川県,金沢市,柚木町,0,配達適用外地域,無し,,,,,,,,,,,,
9200215,ｲｼｶﾜｹﾝ,ｶﾅｻﾞﾜｼ,ﾕﾐﾄﾘﾏﾁ,石川県,金沢市,弓取町,0,配達適用外地域,無し,,,,,,,,,,,,
9201106,ｲｼｶﾜｹﾝ,ｶﾅｻﾞﾜｼ,ﾕﾔｶﾞﾊﾗﾏﾁ,石川県,金沢市,湯谷原町,0,配達適用外地域,無し,,,,,,,,,,,,
9201122,ｲｼｶﾜｹﾝ,ｶﾅｻﾞﾜｼ,ﾕﾜｸｱﾗﾔﾏﾁ,石川県,金沢市,湯涌荒屋町,0,配達適用外地域,無し,,,,,,,,,,,,
9201118,ｲｼｶﾜｹﾝ,ｶﾅｻﾞﾜｼ,ﾕﾜｸｶﾜﾁﾏﾁ,石川県,金沢市,湯涌河内町,0,配達適用外地域,無し,,,,,,,,,,,,
9201124,ｲｼｶﾜｹﾝ,ｶﾅｻﾞﾜｼ,ﾕﾜｸﾀｺﾞｼﾞﾏﾏﾁ,石川県,金沢市,湯涌田子島町,0,配達適用外地域,無し,,,,,,,,,,,,
9201119,ｲｼｶﾜｹﾝ,ｶﾅｻﾞﾜｼ,ﾕﾜｸﾏｶﾞﾘﾏﾁ,石川県,金沢市,湯涌曲町,0,配達適用外地域,無し,,,,,,,,,,,,
9201123,ｲｼｶﾜｹﾝ,ｶﾅｻﾞﾜｼ,ﾕﾜｸﾏﾁ,石川県,金沢市,湯涌町,0,配達適用外地域,無し,,,,,,,,,,,,
9218064,ｲｼｶﾜｹﾝ,ｶﾅｻﾞﾜｼ,ﾖｳｶｲﾁ,石川県,金沢市,八日市,2,西南部,火金,,,,,,,,,,,,
9218063,ｲｼｶﾜｹﾝ,ｶﾅｻﾞﾜｼ,ﾖｳｶｲﾁﾃﾞﾏﾁ,石川県,金沢市,八日市出町,2,西南部,火金,,,,,,,,,,,,
9218163,ｲｼｶﾜｹﾝ,ｶﾅｻﾞﾜｼ,ﾖｺｶﾞﾜ,石川県,金沢市,横川,6,弥生,火金,,,,,,,,,,,,
9201117,ｲｼｶﾜｹﾝ,ｶﾅｻﾞﾜｼ,ﾖｺﾀﾆﾏﾁ,石川県,金沢市,横谷町,0,配達適用外地域,無し,,,,,,,,,,,,
9203135,ｲｼｶﾜｹﾝ,ｶﾅｻﾞﾜｼ,ﾖｺﾏｸﾗﾏﾁ,石川県,金沢市,横枕町,0,配達適用外地域,無し,,,,,,,,,,,,
9200922,ｲｼｶﾜｹﾝ,ｶﾅｻﾞﾜｼ,ﾖｺﾔﾏﾏﾁ,石川県,金沢市,横山町,0,配達適用外地域,無し,,,,,,,,,,,,
9203114,ｲｼｶﾜｹﾝ,ｶﾅｻﾞﾜｼ,ﾖｼﾜﾗﾏﾁ,石川県,金沢市,吉原町,0,配達適用外地域,無し,,,,,,,,,,,,
9218044,ｲｼｶﾜｹﾝ,ｶﾅｻﾞﾜｼ,ﾖﾅｲｽﾞﾐﾏﾁ,石川県,金沢市,米泉町,6,弥生,火金,,,,,,,,,,,,
9218004,ｲｼｶﾜｹﾝ,ｶﾅｻﾞﾜｼ,ﾖﾈﾏﾙﾏﾁ,石川県,金沢市,米丸町,3,戸板,月木,,,,,,,,,,,,
9201342,ｲｼｶﾜｹﾝ,ｶﾅｻﾞﾜｼ,ﾚﾝｹﾞﾏﾁ,石川県,金沢市,蓮花町,0,配達適用外地域,無し,,,,,,,,,,,,
9201142,ｲｼｶﾜｹﾝ,ｶﾅｻﾞﾜｼ,ﾚﾝﾆｮﾏﾁ,石川県,金沢市,蓮如町,0,配達適用外地域,無し,,,,,,,,,,,,
9200868,ｲｼｶﾜｹﾝ,ｶﾅｻﾞﾜｼ,ﾛｸﾏｲﾏﾁ,石川県,金沢市,六枚町,3,戸板,月木,,,,,,,,,,,,
9218111,ｲｼｶﾜｹﾝ,ｶﾅｻﾞﾜｼ,ﾜｶｸｻﾏﾁ,石川県,金沢市,若草町,8,平和町,火金,,,,,,,,,,,,
9200355,ｲｼｶﾜｹﾝ,ｶﾅｻﾞﾜｼ,ﾜｶﾋﾉﾏﾁ,石川県,金沢市,稚日野町,8,平和町,火金,,,,,,,,,,,,
9201165,ｲｼｶﾜｹﾝ,ｶﾅｻﾞﾜｼ,ﾜｶﾏﾂﾏﾁ,石川県,金沢市,若松町,4,田上,火金,,,,,,,,,,,,
9200054,ｲｼｶﾜｹﾝ,ｶﾅｻﾞﾜｼ,ﾜｶﾐﾔ,石川県,金沢市,若宮,3,戸板,月木,,,,,,,,,,,,
9200053,ｲｼｶﾜｹﾝ,ｶﾅｻﾞﾜｼ,ﾜｶﾐﾔﾏﾁ,石川県,金沢市,若宮町,3,戸板,月木,,,,,,,,,,,,
9200953,ｲｼｶﾜｹﾝ,ｶﾅｻﾞﾜｼ,ﾜｸﾅﾐ,石川県,金沢市,涌波,4,田上,火金,,,,,,,,,,,,
9200954,ｲｼｶﾜｹﾝ,ｶﾅｻﾞﾜｼ,ﾜｸﾅﾐﾏﾁ,石川県,金沢市,涌波町,4,田上,火金,,,,,,,,,,,,
9200062,ｲｼｶﾜｹﾝ,ｶﾅｻﾞﾜｼ,ﾜﾘﾀﾞｼﾏﾁ,石川県,金沢市,割出町,7,諸江,月木,,,,,,,,,,,,
