80,菓子・パン,18,敷島製パン　株式会社,5100,0,ｸﾛｯｸﾑｯｼｭﾌｳｻﾝﾄﾞ,Pｸﾛｯｸﾑｯｼｭ風ｻﾝﾄﾞ,ｸﾛｯｸﾑｯｼｭ,842,108,81.9
80,菓子・パン,18,敷島製パン　株式会社,5100,1,ｸﾛｯｸﾑｯｼｭﾌｳｻﾝﾄﾞ,Pｸﾛｯｸﾑｯｼｭ風ｻﾝﾄﾞ,ｸﾛｯｸﾑｯｼｭ,842,110,81.9
80,菓子・パン,108,全日食(ﾊﾟﾝ・菓子),5101,0,ｱｻﾋｺｲﾌﾞﾙｰﾍﾞﾘｰ,ｱｻﾋ 濃ーいﾌﾞﾙｰﾍﾞﾘｰ80g,濃いBB,815,188,140
100,バラエティー,47,×ヤマキシ,5102,0,ｶｵｳﾊﾐﾝｸﾞﾚｷﾞｭﾗｰ,花王ﾊﾐﾝｸﾞﾚｷﾞｭﾗｰ濃縮詰替,ﾊﾐﾝｸﾞ詰替,1021,198,159
70,ドライ食品,111,全日食(バラエティ）,5103,0,ｷﾚｲｷﾚｲｱﾜﾊﾝﾄﾞｿｰﾌﾟ,ｷﾚｲｷﾚｲ泡ﾊﾝﾄﾞｿｰﾌﾟ詰替200m,泡ﾊﾝﾄﾞｿｰﾌﾟ,1019,298,225
100,バラエティー,111,全日食(バラエティ）,5104,0,ｼﾞｮｲﾎﾝﾀｲ,除菌ｼﾞｮｲ本体250ml,ｼﾞｮｲ,1022,194,134
100,バラエティー,111,全日食(バラエティ）,5104,1,ｼﾞｮｲﾎﾝﾀｲ,除菌ｼﾞｮｲ本体250ml,ｼﾞｮｲ,1022,183,134
100,バラエティー,111,全日食(バラエティ）,5104,2,ｼﾞｮｲﾎﾝﾀｲ,除菌ｼﾞｮｲ本体250ml,ｼﾞｮｲ,1022,181,134
100,バラエティー,111,全日食(バラエティ）,5104,3,ｼﾞｮｲﾎﾝﾀｲ,除菌ｼﾞｮｲ本体250ml,ｼﾞｮｲ,1022,180,134
100,バラエティー,111,全日食(バラエティ）,5104,4,ｼﾞｮｲﾎﾝﾀｲ,除菌ｼﾞｮｲ本体250ml,ｼﾞｮｲ,1022,168,134
100,バラエティー,111,全日食(バラエティ）,5105,0,ｼﾞｮｲｼﾄﾗｽﾎﾝﾀｲ250ml,P&G ｼﾞｮｲ ｼﾄﾗｽ本体250ml,ｼﾞｮｲｼﾄﾗｽ,1022,180,134
100,バラエティー,111,全日食(バラエティ）,5106,0,ｼﾞｮｲ,除菌ｼﾞｮｲ詰替395ml,ｼﾞｮｲ,1022,286,195
100,バラエティー,111,全日食(バラエティ）,5106,1,ｼﾞｮｲ,除菌ｼﾞｮｲ詰替395ml,ｼﾞｮｲ,1022,286,134
100,バラエティー,111,全日食(バラエティ）,5106,2,ｼﾞｮｲ,除菌ｼﾞｮｲ詰替395ml,ｼﾞｮｲ,1022,263,195
100,バラエティー,111,全日食(バラエティ）,5106,3,ｼﾞｮｲ,除菌ｼﾞｮｲ詰替395ml,ｼﾞｮｲ,1022,268,195
100,バラエティー,111,全日食(バラエティ）,5106,4,ｼﾞｮｲ,除菌ｼﾞｮｲ詰替395ml,ｼﾞｮｲ,1022,244,195
100,バラエティー,111,全日食(バラエティ）,5106,5,ｼﾞｮｲ,除菌ｼﾞｮｲ詰替395ml,ｼﾞｮｲ,1022,258,195
100,バラエティー,111,全日食(バラエティ）,5107,0,P&Gｼﾞｮｲｼﾄﾗｽﾂﾒｶｴ,P&Gｼﾞｮｲ ｼﾄﾗｽ詰替　395ml,ｼﾞｮｲ,1022,286,195
100,バラエティー,111,全日食(バラエティ）,5107,1,P&Gｼﾞｮｲｼﾄﾗｽﾂﾒｶｴ,P&Gｼﾞｮｲ ｼﾄﾗｽ詰替　395ml,ｼﾞｮｲ,1022,263,195
100,バラエティー,111,全日食(バラエティ）,5107,2,P&Gｼﾞｮｲｼﾄﾗｽﾂﾒｶｴ,P&Gｼﾞｮｲ ｼﾄﾗｽ詰替　395ml,ｼﾞｮｲ,1022,268,195
100,バラエティー,111,全日食(バラエティ）,5107,3,P&Gｼﾞｮｲｼﾄﾗｽﾂﾒｶｴ,P&Gｼﾞｮｲ ｼﾄﾗｽ詰替　395ml,ｼﾞｮｲ,1022,244,195
70,ドライ食品,146,静岡産業,5108,0,ﾏﾖｰﾙ,蒟蒻屋ﾏﾖｰﾙｾﾞﾛﾌﾟﾗｽ320g,ﾏﾖｰﾙ,732,458,310
30,鮮魚・塩干魚,140,イケウチ,5109,0,ﾎｼｱｶｶﾚｲ,山崎)干赤かれい大 2枚,干赤かれい,341,328,230
30,鮮魚・塩干魚,140,イケウチ,5110,0,ｲｶﾐﾘﾝ,山崎)いかみりん 2枚,いかみりん,341,328,230
30,鮮魚・塩干魚,140,イケウチ,5111,0,ﾋﾗｷｱｼﾞﾐﾘﾝ,山崎)開あじみりん 2枚,開ｱｼﾞﾐﾘﾝ,341,328,230
30,鮮魚・塩干魚,140,イケウチ,5111,1,ﾋﾗｷｱｼﾞﾐﾘﾝ,山崎)開あじみりん 2枚,開ｱｼﾞﾐﾘﾝ,341,298,230
70,ドライ食品,26,×ｶﾅｶﾝ㈱七尾支店食品,5112,0,ﾏﾙｺﾞﾄｶｼﾞﾂﾏﾝｺﾞｰ,QPまるごと果実ﾏﾝｺﾞｰ250g,丸ごとﾏﾝｺﾞ,749,398,298
50,ディリー食品,38,ﾓﾝﾃｰﾙ,5113,0,ｵﾄﾅﾉﾓﾝﾌﾞﾗﾝ,大人のﾓﾝﾌﾞﾗﾝ ｲﾀﾘｱ栗,大人ﾓﾝﾌﾞﾗﾝ,577,230,156
50,ディリー食品,38,ﾓﾝﾃｰﾙ,5114,0,ｵﾄﾅﾉﾓﾝﾌﾞﾗﾝ,大人のﾓﾝﾌﾞﾗﾝ ｼｮｺﾗﾌﾟﾗﾘﾈ,ﾓﾝﾌﾞﾗﾝｼｮｺﾗ,577,230,156
50,ディリー食品,106,全日食(洋日配),5115,0,ﾁｰｽﾞｷｯｽｱﾝﾊﾟﾝﾏﾝ,明)ﾁｰｽﾞｷｯｽCaｱﾝﾊﾟﾝﾏﾝ70g,ﾁｰｽﾞ,578,220,159
20,精肉・加工肉,102,全日食(精肉･加工肉),5116,0,ﾂﾙｼﾍﾞｰｺﾝ,信州吊燻りﾍﾞｰｺﾝ切落110g,ﾍﾞｰｺﾝ,271,284,185
20,精肉・加工肉,102,全日食(精肉･加工肉),5116,1,ﾂﾙｼﾍﾞｰｺﾝ,信州吊燻りﾍﾞｰｺﾝ切落110g,ﾍﾞｰｺﾝ,271,248,185
20,精肉・加工肉,102,全日食(精肉･加工肉),5116,2,ﾂﾙｼﾍﾞｰｺﾝ,信州吊燻りﾍﾞｰｺﾝ切落110g,ﾍﾞｰｺﾝ,271,232,185
50,ディリー食品,44,白山そば（油谷）,5117,0,ﾅﾏｿﾊﾞﾀﾞｼﾂｷ5ｼｮｸ,白山そば 生そばだし付5食,生ｿﾊﾞ5食,511,1481,858
50,ディリー食品,105,全日食(和日配）,5118,0,ｷｻﾞﾐｱｹﾞｳﾄﾞﾝ,東洋讃岐好みきざみ揚ｳﾄﾞﾝ,うどん,511,131,90
70,ドライ食品,152,山貴,5119,0,ﾊﾟﾊﾟｯﾄﾆｭｳﾒﾝｵﾀﾒｼ,ﾊﾟﾊﾟｯとにゅうﾒﾝお試し3食,にゅうめん,713,720,490
70,ドライ食品,152,山貴,5119,1,ﾊﾟﾊﾟｯﾄﾆｭｳﾒﾝｵﾀﾒｼ,ﾊﾟﾊﾟｯとにゅうﾒﾝお試し3食,にゅうめん,713,720,490
40,デリカ,29,志のぶ商事㈱北陸支店,5120,0,ｶﾆｵｼｽﾞｼ,しゃり一 ｶﾆ押し寿司5貫,ｶﾆ押し寿司,415,558,388
80,菓子・パン,108,全日食(ﾊﾟﾝ・菓子),5121,0,ﾒﾙﾃｨｰｷｯｽｼｮｺﾗ,明)ﾒﾙﾃｨｰｷｯｽﾌﾟﾚﾐｱﾑｼｮｺﾗ,ﾒﾙﾃｨｰｷｯｽ,811,198,178
80,菓子・パン,108,全日食(ﾊﾟﾝ・菓子),5122,0,ﾒﾙﾃｨｰｷｯｽｲﾁｺﾞ,明)ﾒﾙﾃｨｰｷｯｽﾌﾙｰﾃｨｰ濃ｲﾁｺﾞ,ﾒﾙﾃｨｰｲﾁｺﾞ,811,198,178
20,精肉・加工肉,79,騎寄精肉店,5086,0,ﾜｷﾞｭｳﾓﾓﾊﾞﾗｽﾗｲｽ,和牛ﾓﾓﾊﾞﾗｽﾗｲｽ180g (170号,和牛ﾓﾓﾊﾞﾗ,211,880,810
20,精肉・加工肉,79,騎寄精肉店,5087,0,ﾜｷﾞｭｳﾓﾓﾊﾞﾗｽﾗｲｽ360g,和牛ﾓﾓﾊﾞﾗｽﾗｲｽ360g,和牛ﾓﾓﾊﾞﾗ,211,1680,1620
30,鮮魚・塩干魚,140,イケウチ,5123,0,ﾋﾗｷｱｼﾞ2ﾏｲ,山崎)開きあじ2枚,開きあじ,347,298,230
30,鮮魚・塩干魚,140,イケウチ,5124,0,ｻﾊﾞﾐﾘﾝｶﾀﾐ,山崎)さばみりん片身2枚,さばみりん,347,298,230
30,鮮魚・塩干魚,140,イケウチ,5124,1,ｻﾊﾞﾐﾘﾝｶﾀﾐ,山崎)さばみりん片身2枚,さばみりん,347,328,230
50,ディリー食品,105,全日食(和日配）,5125,0,ｻﾄﾉﾕｷﾓﾒﾝ2ｶｲ,さとの雪 木綿2回分150g*2,木綿2回分,512,128,95
50,ディリー食品,105,全日食(和日配）,5125,1,ｻﾄﾉﾕｷﾓﾒﾝ2ｶｲ,さとの雪 木綿2回分150g*2,木綿2回分,512,134,95
20,精肉・加工肉,102,全日食(精肉･加工肉),5092,0,ﾔﾜﾗｶﾂｸﾘﾔｷﾌﾞﾀ,日ﾊﾑやわらかﾂｸﾘ焼豚70g,焼き豚,271,170,128
50,ディリー食品,105,全日食(和日配）,5125,2,ｻﾄﾉﾕｷﾓﾒﾝ2ｶｲ,さとの雪 木綿2回分150g*2,木綿2回分,512,108,95
50,ディリー食品,105,全日食(和日配）,5125,3,ｻﾄﾉﾕｷﾓﾒﾝ2ｶｲ,さとの雪 木綿2回分150g*2,木綿2回分,512,119,95
50,ディリー食品,105,全日食(和日配）,5126,0,ｸﾞｲﾘｶﾞﾝﾓ,堀川ｵﾃﾞﾝ一番具入お魚ｶﾞﾝﾓ,がんも,518,195,143
50,ディリー食品,105,全日食(和日配）,5127,0,ｺﾞﾎﾞｳﾏｷ,堀川ｵﾃﾞﾝ一番ごぼう巻4本,ごぼう巻,516,195,143
50,ディリー食品,105,全日食(和日配）,5128,0,ｵﾃﾞﾝｲﾁﾊﾞﾝｻﾂﾏｱｹﾞ,堀川ｵﾃﾞﾝ一番さつま揚3枚,さつま揚げ,516,195,148
50,ディリー食品,105,全日食(和日配）,5129,0,ｶﾈﾊﾂｲｿﾉｳﾀｹﾞｼｲﾀｹｺﾝﾌﾞ,ｶﾈﾊﾂ磯のうたげｼｲﾀｹ昆布,椎茸昆布,517,188,140
50,ディリー食品,105,全日食(和日配）,5130,0,ﾀﾍﾞｷﾘｻﾝｻｲｼﾊﾞ,若宮たべきり山菜しば80g,山菜しば,515,168,125
80,菓子・パン,108,全日食(ﾊﾟﾝ・菓子),5131,0,ﾜｻﾞﾉｺﾀﾞﾜﾘ,亀田)技のこだ割り120g,技のこだわ,814,268,198
50,ディリー食品,36,ロピア,5132,0,ﾊﾟｸﾊﾟｸﾁｮｺｴｸﾚｱ,ﾊﾟｸﾊﾟｸ食べちゃうﾁｮｺｴｸﾚｱ,ﾁｮｺｴｸﾚｱ,577,100,75
50,ディリー食品,36,ロピア,5133,0,ﾎｯﾍﾟﾀｵﾁﾙﾅﾏﾁｮｺｯﾁ,ほっぺた落ちる生ﾁｮｺっち,生ﾁｮｺっち,577,100,75
50,ディリー食品,2,明治乳業㈱　北陸事業所,5134,0,ﾌﾞﾙｶﾞﾘｱｱｻﾉﾌﾙｰﾂﾐｯｸｽ,明ﾌﾞﾙｶﾞﾘｱY脂肪0朝ﾌﾙｰﾂMIX,ﾌﾞﾙｶﾞﾘｱ,575,98,72
70,ドライ食品,47,×ヤマキシ,5135,0,ﾏｰﾎﾞﾊｸｻｲﾉﾓﾄ,丸美屋麻婆白菜の素160g,麻婆白菜,713,188,119
70,ドライ食品,107,全日食(ドライ),5136,0,ｶﾝｼﾞｭｸﾄﾏﾄﾅﾍﾞｽｰﾌﾟ,ｶｺﾞﾒ甘熟ﾄﾏﾄ鍋ｽｰﾌﾟ,ﾄﾏﾄ鍋ｽｰﾌﾟ,713,298,225
60,冷凍食品,90,クスリのアオキ,5137,0,ｵﾚｱｲﾀﾞﾌﾞﾛｯｺﾘｰ,ｵﾚｱｲﾀﾞﾌﾞﾛｯｺﾘｰ200g,ﾌﾞﾛｯｺﾘｰ,1615,188,140
80,菓子・パン,18,敷島製パン　株式会社,5138,0,ｼｭｰﾛｰﾙ,Pｼｭｰﾛｰﾙ ｸｰﾍﾞﾙﾁｭｰﾙﾁｮｺ,ｼｭｰﾛｰﾙ,843,98,69.3
80,菓子・パン,18,敷島製パン　株式会社,5139,0,ﾋﾄｸﾁｼｮｺﾗ,Pひとくちｼｮｺﾗ8個入,一口ｼｮｺﾗ,843,105,75.6
80,菓子・パン,108,全日食(ﾊﾟﾝ・菓子),5140,0,ﾌﾟﾁﾁｮｺﾊﾟｲ,ﾛｯﾃ ﾌﾟﾁﾁｮｺﾊﾟｲ8個入,ﾌﾟﾁﾁｮｺﾊﾟｲ,817,188,136
100,バラエティー,47,×ヤマキシ,5141,0,ﾒﾘｯﾄ,花王ﾒﾘｯﾄｼｬﾝﾌﾟｰ詰替340ml,ﾒﾘｯﾄ,1003,358,285
100,バラエティー,47,×ヤマキシ,5142,0,ﾒﾘｯﾄﾘﾝｽ,花王ﾒﾘｯﾄﾘﾝｽ詰替340ml,ﾒﾘｯﾄﾘﾝｽ,1003,358,285
30,鮮魚・塩干魚,48,竹本商店,5143,0,ｽｽﾞｷｻｼﾐ,すずき刺身1ﾊﾟｯｸ,ｽｽﾞｷ刺身,311,348,308
50,ディリー食品,105,全日食(和日配）,5144,0,ﾀﾏｺﾞｲﾘｵﾃﾞﾝ,一正)玉子入りおでん460g,玉子入ｵﾃﾞﾝ,516,208,188
70,ドライ食品,107,全日食(ドライ),5145,0,ﾁｬﾙﾒﾗｼｮｳﾕﾗｰﾒﾝ,明星ﾁｬﾙﾒﾗしょうゆﾗｰﾒﾝ5食,ﾁｬﾙﾒﾗ醤油,706,298,275
80,菓子・パン,18,敷島製パン　株式会社,5146,0,ﾊﾞﾅﾅｶｽﾃﾗ,Pﾊﾞﾅﾅｶｽﾃﾗ3本入,ﾊﾞﾅﾅｶｽﾃﾗ,844,100,75.6
30,鮮魚・塩干魚,48,竹本商店,5147,0,ﾌﾞﾘｱﾗ,ぶりあら1ﾊﾟｯｸ,ぶりあら,1612,228,150
20,精肉・加工肉,79,騎寄精肉店,5148,0,ｺｸｻﾝﾌﾞﾀﾓﾓｶｸ,国産豚ﾓﾓ角切り150g,豚もも角,221,238,180
10,青果物,33,江口青果株式会社,5149,0,ﾅｶｼﾞﾏﾅ,中島菜1束,中島菜,112,138,100
10,青果物,33,江口青果株式会社,5149,1,ﾅｶｼﾞﾏﾅ,中島菜1束,中島菜,112,125,100
10,青果物,33,江口青果株式会社,5150,0,ﾏｲﾀｹ100g,まいたけ100g,まいたけ,114,138,100
40,デリカ,29,志のぶ商事㈱北陸支店,5151,0,ﾃﾞﾐﾊﾝﾊﾞｰｸﾞﾍﾞﾝﾄｳ,志)ﾃﾞﾐﾊﾝﾊﾞｰｸﾞ弁当,ﾃﾞﾐﾊﾝﾊﾞｰｸﾞ,413,360,258
40,デリカ,29,志のぶ商事㈱北陸支店,5152,0,ﾌﾟﾁｯﾄﾌﾞﾘｽﾞｼ,竹勘ﾌﾟﾁｯと鰤寿司,ﾌﾟﾁｯﾄ鰤,415,135,109
40,デリカ,104,全日食(デリカ),5153,0,ﾃﾞﾙｼｰｻﾊﾞﾉﾐｿﾆ1ﾊﾟｯｸ,ﾃﾞﾙｼｰさばの味噌煮1ﾊﾟｯｸ,さば味噌煮,471,185,128
40,デリカ,104,全日食(デリカ),5153,1,ﾃﾞﾙｼｰｻﾊﾞﾉﾐｿﾆ1ﾊﾟｯｸ,ﾃﾞﾙｼｰさばの味噌煮1ﾊﾟｯｸ,さば味噌煮,471,178,128
40,デリカ,104,全日食(デリカ),5153,2,ﾃﾞﾙｼｰｻﾊﾞﾉﾐｿﾆ1ﾊﾟｯｸ,ﾃﾞﾙｼｰさばの味噌煮1ﾊﾟｯｸ,さば味噌煮,471,198,132
40,デリカ,104,全日食(デリカ),5153,3,ﾃﾞﾙｼｰｻﾊﾞﾉﾐｿﾆ1ﾊﾟｯｸ,ﾃﾞﾙｼｰさばの味噌煮1ﾊﾟｯｸ,さば味噌煮,471,165,132
40,デリカ,104,全日食(デリカ),5154,0,ﾆｸｼﾞｬｶﾞ,J-FOOD肉じゃが180g,肉じゃが,471,185,130
50,ディリー食品,105,全日食(和日配）,5155,0,ｷﾝﾁｬｸｲﾜｼﾂﾐﾚ,堀川巾着いわしつみれ5個,ｲﾜｼﾂﾐﾚ,512,120,90
50,ディリー食品,105,全日食(和日配）,5156,0,ﾔﾏｳﾋﾟﾘｶﾗﾅｽﾄﾚｰ,やまうﾋﾟﾘ辛なすﾄﾚｰ80g,ﾋﾟﾘ辛なす,515,110,82
50,ディリー食品,36,ロピア,5157,0,ﾄﾛｹﾙｼｮｺﾗｼｭｰ,とろけるｼｮｺﾗｼｭｰ,ｼｮｺﾗｼｭｰ,577,78,58
50,ディリー食品,38,ﾓﾝﾃｰﾙ,5158,0,ﾐﾆﾁｰｽﾞｹｰｷ,ﾐﾆﾁｰｽﾞｹｰｷ5P,ﾐﾆﾁｰｽﾞｹｰｷ,577,248,180
50,ディリー食品,4,カゴメ株式会社　金沢支店,5159,0,ﾔｻｲｲﾁﾆﾁｺﾚｲｯﾎﾟﾝ12ﾎﾝ,ｶ)野菜1日これ1本200ml*12,これ一本12,573,1056,804
80,菓子・パン,18,敷島製パン　株式会社,5160,0,ｼｯﾄﾘﾐﾙｸﾊﾟﾝ,Pしっとりﾐﾙｸﾊﾟﾝ,ﾐﾙｸﾊﾟﾝ,843,105,75.6
80,菓子・パン,18,敷島製パン　株式会社,5161,0,ﾎｲｯﾌﾟﾒﾛﾝﾊﾟﾝﾁｰｽﾞｸﾘｰﾑ,Pﾎｲｯﾌﾟﾒﾛﾝﾊﾟﾝﾁｰｽﾞｸﾘｰﾑ,ﾒﾛﾝﾊﾟﾝﾁｰｽﾞ,843,98,69.3
80,菓子・パン,18,敷島製パン　株式会社,5162,0,ｼｵﾊﾞﾀｰﾊﾟﾝ,Pゆめちから入塩ﾊﾞﾀｰﾊﾟﾝ⑥,塩ﾊﾞﾀｰﾊﾟﾝ,842,138,100.8
80,菓子・パン,108,全日食(ﾊﾟﾝ・菓子),5163,0,ﾌﾞﾙﾎﾞﾝｼﾞｬｶﾞﾁｮｺ,ﾌﾞﾙﾎﾞﾝじゃがﾁｮｺ36g,じゃがﾁｮｺ,817,138,104
50,ディリー食品,1,森永乳業,5164,0,ｻﾝｷｽﾄﾈｸﾀｰ,M SKﾈｸﾀｰ味わい白桃200ml,SKﾈｸﾀｰ,573,55,47
50,ディリー食品,1,森永乳業,5165,0,ｻﾝｷｽﾄﾈｸﾀｰｱｼﾞﾜｲﾊｸﾄｳ,M SKﾈｸﾀｰ味ﾜｲ白桃200ml*12,SKﾈｸﾀｰ12,573,624,564
60,冷凍食品,64,森永(アイス),5166,0,ﾋﾟﾉﾊﾞﾗｴﾃｨｾｯﾄ,Mﾋﾟﾉ ﾊﾞﾗｴﾃｨｾｯﾄ8箱,ﾋﾟﾉﾊﾞﾗｴﾃｲ,1671,498,410
50,ディリー食品,105,全日食(和日配）,5167,0,ｶｶﾞﾐｿｼｮｸﾋﾝｺﾞﾏﾐｿ,加賀味噌食品ごま味噌80g,ごまみそ,518,100,77
50,ディリー食品,105,全日食(和日配）,5167,1,ｶｶﾞﾐｿｼｮｸﾋﾝｺﾞﾏﾐｿ,加賀味噌食品ごま味噌80g,ごまみそ,518,105,77
50,ディリー食品,105,全日食(和日配）,5167,2,ｶｶﾞﾐｿｼｮｸﾋﾝｺﾞﾏﾐｿ,加賀味噌食品ごま味噌80g,ごまみそ,518,110,77
50,ディリー食品,105,全日食(和日配）,5167,3,ｶｶﾞﾐｿｼｮｸﾋﾝｺﾞﾏﾐｿ,加賀味噌食品ごま味噌80g,ごまみそ,518,97,77
100,バラエティー,31,政浦商店,5168,0,ﾊｲﾗｯﾌﾟ,ﾘｹﾝ ﾊｲﾗｯﾌﾟ30㌢×20㍍,ﾊｲﾗｯﾌﾟ,1030,90,58
100,バラエティー,31,政浦商店,5168,1,ﾊｲﾗｯﾌﾟ,ﾘｹﾝ ﾊｲﾗｯﾌﾟ30㌢×20㍍,ﾊｲﾗｯﾌﾟ,1030,85,58
20,精肉・加工肉,129,天狗中田,5169,0,ﾚｲﾄｳﾌﾞﾀｺﾏﾆｸ,冷凍豚小間肉200g,豚小間肉,1615,228,168
20,精肉・加工肉,129,天狗中田,5169,1,ﾚｲﾄｳﾌﾞﾀｺﾏﾆｸ,冷凍豚小間肉200g,豚小間肉,1615,268,168
10,青果物,33,江口青果株式会社,5170,0,ｼﾝｼﾞｬｶﾞ,新じゃがL700g,新じゃが,113,178,130
10,青果物,33,江口青果株式会社,5170,1,ｼﾝｼﾞｬｶﾞ,新じゃがL700g,新じゃが,113,188,140
10,青果物,33,江口青果株式会社,5170,2,ｼﾝｼﾞｬｶﾞ,新じゃがL700g,新じゃが,113,175,140
10,青果物,33,江口青果株式会社,5170,3,ｼﾝｼﾞｬｶﾞ,新じゃがL700g,新じゃが,113,163,130
10,青果物,33,江口青果株式会社,5170,4,ｼﾝｼﾞｬｶﾞ,新じゃがL700g,新じゃが,113,198,150
10,青果物,33,江口青果株式会社,5170,5,ｼﾝｼﾞｬｶﾞ,新じゃがL700g,新じゃが,113,248,180
10,青果物,33,江口青果株式会社,5170,6,ｼﾝｼﾞｬｶﾞ,新じゃがL700g,新じゃが,113,200,160
10,青果物,33,江口青果株式会社,5170,7,ｼﾝｼﾞｬｶﾞ,新じゃがL700g,新じゃが,113,225,180
10,青果物,33,江口青果株式会社,5170,8,ｼﾝｼﾞｬｶﾞ,新じゃがL700g,新じゃが,113,245,180
10,青果物,33,江口青果株式会社,5170,9,ｼﾝｼﾞｬｶﾞ,新じゃがL700g,新じゃが,113,188,150
10,青果物,33,江口青果株式会社,5170,10,ｼﾝｼﾞｬｶﾞ,新じゃがL700g,新じゃが,113,200,268
50,ディリー食品,105,全日食(和日配）,5171,0,ｵｲｼｻｲﾁﾊﾞﾝﾌﾄﾁｸﾜ,堀川美味しさ一番太ﾁｸﾜ3本,太ちくわ,516,195,145
50,ディリー食品,105,全日食(和日配）,5172,0,ﾌｼﾞﾔﾃﾞｨﾅｰｸﾞﾗﾀﾝ,ふじやﾃﾞｨﾅｰｸﾞﾗﾀﾝ野菜&ﾁｷﾝ,ｸﾞﾗﾀﾝ野菜,518,298,230
50,ディリー食品,105,全日食(和日配）,5173,0,ﾌｼﾞﾔﾃﾞｨﾅｰｸﾞﾗﾀﾝ,ふじやﾃﾞｨﾅｰｸﾞﾗﾀﾝ海老,ｸﾞﾗﾀﾝ海老,518,298,230
50,ディリー食品,1,森永乳業,5174,0,ﾀﾆﾀｽﾄﾛﾍﾞﾘｰﾁｰｽﾞｹｰｷ,Mﾀﾆﾀｽﾄﾛﾍﾞﾘｰﾁｰｽﾞｹｰｷ85g,ﾀﾆﾀﾁｰｽﾞ,576,89,64.25
80,菓子・パン,18,敷島製パン　株式会社,5175,0,ﾁｷﾞｯﾀﾘﾀﾀﾝﾀﾞﾘ,Pちぎったり苺ｼﾞｬﾑ&ｶｽﾀｰﾄﾞ,ちぎったり,842,100,75.6
80,菓子・パン,18,敷島製パン　株式会社,5176,0,ﾁｷﾞｯﾀﾘﾁｮｺ,Pちぎったりﾁｮｺ&ﾁｮｺﾎｲｯﾌﾟ,ちぎったり,842,100,75.6
80,菓子・パン,18,敷島製パン　株式会社,5177,0,ｷﾅｺﾀﾞｲﾌｸ,Pきなこ大福4個入,きなこ大福,844,128,94.5
80,菓子・パン,52,みのり園,5178,0,ﾃﾞｶﾎﾟﾝｹﾞﾝﾏｲ,み)でかﾎﾟﾝ 玄米65g,でかﾎﾟﾝ玄,819,93,74
80,菓子・パン,52,みのり園,5179,0,ﾃﾞｶﾎﾟﾝﾊｸﾏｲ,み)でかﾎﾟﾝ 白米65g,でかﾎﾟﾝ,819,93,74
90,酒類,30,日本酒販㈱金沢支店,5180,0,ｷﾘﾝﾉﾄﾞｺﾞｼ,ｷﾘﾝのどごしｵｰﾙﾗｲﾄ350ml*6,ｵｰﾙﾗｲﾄ,911,665,582
90,酒類,30,日本酒販㈱金沢支店,5180,1,ｷﾘﾝﾉﾄﾞｺﾞｼ,ｷﾘﾝのどごしｵｰﾙﾗｲﾄ350ml*6,ｵｰﾙﾗｲﾄ,911,648,582
90,酒類,30,日本酒販㈱金沢支店,5180,2,ｷﾘﾝﾉﾄﾞｺﾞｼ,ｷﾘﾝのどごしｵｰﾙﾗｲﾄ350ml*6,ｵｰﾙﾗｲﾄ,911,665,582
100,バラエティー,47,×ヤマキシ,5181,0,ｷｮｳﾘｮｸｶﾋﾞﾊｲﾀｰ,強力ｶﾋﾞﾊｲﾀｰ本体400ml,ｶﾋﾞﾊｲﾀｰ,1003,228,181
100,バラエティー,9999,その他,5182,0,ｷｭｷｭｯﾄｸｴﾝｻﾝ,花王乾燥機専用ｷｭｷｭｯﾄ550g,ｷｭｷｭｯﾄ,1022,438,368
100,バラエティー,152,山貴,5183,0,ﾋｼﾞｮｳﾓﾁﾀﾞｼｾｯﾄ,非常持出ｾｯﾄ(12点ｾｯﾄ),非常持出ｾｯ,1090,3000,2250
20,精肉・加工肉,79,騎寄精肉店,5184,0,ｺｸｻﾝﾌﾞﾀﾓﾓﾆｸｷﾘｵﾄｼ,国産豚ﾓﾓ肉切り落とし100g,豚もも100g,221,148,120
70,ドライ食品,107,全日食(ドライ),5185,0,ｱｻﾋｼﾞｭｳﾛｸﾁｬ,ｱｻﾋ 十六茶2L*6,十六茶*6,743,768,660
70,ドライ食品,107,全日食(ドライ),5185,1,ｱｻﾋｼﾞｭｳﾛｸﾁｬ,ｱｻﾋ 十六茶2L*6,十六茶*6,743,748,660
50,ディリー食品,105,全日食(和日配）,5186,0,5ｼｭﾔｻｲﾄﾁﾘﾆｸﾀﾞﾝｺﾞﾁｬﾜﾝﾑｼ,ふ)5種野菜鶏団子茶碗蒸し,茶碗蒸し,518,215,158
50,ディリー食品,105,全日食(和日配）,5187,0,ｵﾏﾒｻﾝﾏﾒｺﾊﾞﾁｷﾝﾄｷ,ﾌ)お豆ｻﾝ豆小鉢ｷﾝﾄｷ65g*2,きんとき,473,168,123
50,ディリー食品,105,全日食(和日配）,5187,1,ｵﾏﾒｻﾝﾏﾒｺﾊﾞﾁｷﾝﾄｷ,ﾌ)お豆ｻﾝ豆小鉢ｷﾝﾄｷ65g*2,きんとき,473,160,123
50,ディリー食品,105,全日食(和日配）,5188,0,ﾔｻｲﾏﾒ,ﾌ)お豆ｻﾝ豆小鉢ﾔｻｲ豆65g*2,やさい豆,473,168,123
50,ディリー食品,105,全日食(和日配）,5188,1,ﾔｻｲﾏﾒ,ﾌ)お豆ｻﾝ豆小鉢ﾔｻｲ豆65g*2,やさい豆,473,160,123
70,ドライ食品,107,全日食(ドライ),5189,0,ﾀﾆﾀｹﾞﾝｴﾝﾔｻｲﾐｿｼﾙ,ﾏﾙｺﾒ)ﾀﾆﾀ減塩野菜みそ汁6P,ﾀﾆﾀみそ汁,713,198,150
80,菓子・パン,18,敷島製パン　株式会社,5190,0,ﾁｷﾞｯﾃｼﾅﾓﾝｺｰﾋｰ,Pちぎってｼﾅﾓﾝｺｰﾋｰ,ｼﾅﾓﾝｺｰﾋｰ,843,100,75.6
80,菓子・パン,18,敷島製パン　株式会社,5191,0,ﾃﾘﾔｷﾀﾞﾌﾞﾙﾊﾞｰｸﾞ,Pてりやきﾀﾞﾌﾞﾙﾊﾞｰｸﾞ,ﾃﾘﾔｷWﾊﾞｰｸﾞ,842,100,75.6
80,菓子・パン,18,敷島製パン　株式会社,5192,0,ｺｸｻﾝｺﾑｷﾞｸﾛﾏﾒｱﾝﾊﾟﾝ,P国産小麦の黒豆あんぱん,黒豆あんぱ,843,100,75.6
80,菓子・パン,18,敷島製パン　株式会社,5192,1,ｺｸｻﾝｺﾑｷﾞｸﾛﾏﾒｱﾝﾊﾟﾝ,P国産小麦の黒豆あんぱん,黒豆あんぱ,843,105,75.6
80,菓子・パン,18,敷島製パン　株式会社,5193,0,ｳｼﾞﾏｯﾁｬﾒﾛﾝﾊﾟﾝ,P宇治抹茶めろんぱん,宇治抹茶ﾊﾟ,843,100,75.6
80,菓子・パン,18,敷島製パン　株式会社,5194,0,ｻｹﾏﾝﾆｺｲﾘ,P酒まん2個入,酒まん,801,100,69.3
90,酒類,30,日本酒販㈱金沢支店,5195,0,ﾌﾞﾙｰﾍﾞﾘｰﾜｲﾝ,ｼｬﾄｰ無添加ﾌﾞﾙｰﾍﾞﾘｰﾜｲﾝ赤,BBﾜｲﾝ,941,880,688
100,バラエティー,47,×ヤマキシ,5196,0,ｼﾞｮｲﾂﾒｶｴ4ｶｲﾌﾞﾝ,P&G除菌ｼﾞｮｲ詰替4回分,ジョイ詰替,1022,358,274
100,バラエティー,47,×ヤマキシ,5197,0,ﾄﾞﾒｽﾄ,ﾕﾆﾘｰﾊﾞ ﾄﾞﾒｽﾄ500ml,ﾄﾞﾒｽﾄ,1022,198,157
100,バラエティー,152,山貴,5198,0,ﾋｼﾞｮｳｼｮｸｱﾝｼﾝｾｯﾄ,NEW非常食安心ｾｯﾄ,非常食ｾｯﾄ,1090,1500,1095
100,バラエティー,111,全日食(バラエティ）,5199,0,ｱﾙｶﾘﾃﾞﾝﾁﾀﾝｲﾁ,ﾊﾟﾅｿﾆｯｸｱﾙｶﾘ電池 単1 4SP,単14SP,1040,728,520
100,バラエティー,111,全日食(バラエティ）,5200,0,ｱﾙｶﾘﾃﾞﾝﾁﾀﾝﾆ,ﾊﾟﾅｿﾆｯｸｱﾙｶﾘ電池 単2 4SP,単24SP,1040,548,398
100,バラエティー,47,×ヤマキシ,5201,0,ｱﾙｶﾘﾃﾞﾝﾁﾀﾝｻﾝ,ﾊﾟﾅｿﾆｯｸｱﾙｶﾘ電池 単3　8SP,単38SP,1040,758,543
100,バラエティー,47,×ヤマキシ,5202,0,ｱﾙｶﾘﾃﾞﾝﾁﾀﾝﾖﾝ,ﾊﾟﾅｿﾆｯｸｱﾙｶﾘ電池 単4 8SP,単48SP,1040,758,543
70,ドライ食品,152,山貴,5203,0,ﾄﾞﾝﾌﾞﾘｻﾞﾝﾏｲ,ｱﾏﾉ)ﾌﾘｰｽﾞﾄﾞﾗｲ丼三昧12食,丼三昧,713,3300,2310
70,ドライ食品,152,山貴,5204,0,ｷﾞｮｳﾚﾂﾃﾞｷﾙｶﾘﾝﾄｳ,行列できるｶﾘﾝﾄｳ4種*4袋,かりんとう,819,2000,1400
70,ドライ食品,152,山貴,5205,0,ﾗｰﾒﾝｱｼﾞｸﾗﾍﾞ,五十嵐)ﾗｰﾒﾝ味比べ乾麺*5,ﾗｰﾒﾝ味比べ,712,1000,700
100,バラエティー,9999,その他,5206,0,ｺｹｲﾈﾝﾘｮｳ,ﾆｲﾀｶ固形燃料ｶｴﾝﾆｭｰｴｰｽ40ｺ,固形燃料,1030,1300,975
50,ディリー食品,3,グリコ乳業（株）,5207,0,ﾋﾞﾌｨｯｸｽ,G朝食Bifixﾖｰｸﾞﾙﾄ375g,Bifix375g,575,100,74
70,ドライ食品,107,全日食(ドライ),5208,0,ﾔｷｿﾊﾞｶｯﾌﾟ,日清焼きそばｶｯﾌﾟ104g,焼そばｶｯﾌﾟ,712,98,88
30,鮮魚・塩干魚,48,竹本商店,5209,0,ﾌﾞﾘﾉｷﾘﾐ,ぶりの切身140g(2切）,ぶり切身,311,348,260
20,精肉・加工肉,79,騎寄精肉店,5210,0,ﾌﾞﾀﾓﾓｶﾚｰｼﾁｭｰﾖｳ,国産豚ﾓﾓｶﾚｰｼﾁｭｰ角切150g,豚モモ150g,221,238,180
20,精肉・加工肉,102,全日食(精肉･加工肉),5211,0,ﾁｮｳｼｮｸﾊｰﾌﾍﾞｰｺﾝ,ﾌｰﾄﾞﾘｴ朝食ﾊｰﾌﾍﾞｰｺﾝ40g,ﾊｰﾌﾍﾞｰｺﾝ,271,98,75
20,精肉・加工肉,102,全日食(精肉･加工肉),5211,1,ﾁｮｳｼｮｸﾊｰﾌﾍﾞｰｺﾝ,ﾌｰﾄﾞﾘｴ朝食ﾊｰﾌﾍﾞｰｺﾝ40g,ﾊｰﾌﾍﾞｰｺﾝ,271,100,75
20,精肉・加工肉,102,全日食(精肉･加工肉),5212,0,ｷﾞｮｳﾑﾖｳﾋﾞｰﾌｶﾚｰ,日ﾊﾑ業務用ﾋﾞｰﾌｶﾚｰ4P,ﾋﾞｰﾌｶﾚｰ,279,358,268
40,デリカ,29,志のぶ商事㈱北陸支店,5213,0,ﾀｹﾉｺｵﾑｽﾋﾞ,しゃり一竹の子おむすび2ｺ,ﾀｹﾉｺｵﾑｽﾋﾞ,411,208,149.6
50,ディリー食品,1,森永乳業,5214,0,ｲﾁﾆﾁﾌﾞﾝﾉﾃﾂﾌﾞﾝｷｳｲ,M1日分の鉄分ｷｳｲ&ﾌﾟﾙｰﾝ*18,鉄分ｷｳｲ*18,573,1674,1227.06
50,ディリー食品,1,森永乳業,5215,0,ﾏﾝｺﾞｰｱﾝﾄﾞﾊﾞﾅﾅ,M1日不足ｾﾝｲﾏﾝｺﾞｰ&ﾊﾞﾅﾅ*18,ﾏﾝｺﾞｰﾊﾞﾅﾅ,573,1674,1227.06
50,ディリー食品,1,森永乳業,5216,0,ｱｻｲｰﾍﾞﾘｰﾗﾃ,Mｱｻｲｰﾍﾞﾘｰﾗﾃ195g,ｱｻｲｰﾍﾞﾘｰ,573,98,71.5
50,ディリー食品,1,森永乳業,5217,0,ｱｻｲｰﾍﾞﾘｰﾗﾃ,Mｱｻｲｰﾍﾞﾘｰﾗﾃ195g*18,ｱｻｲﾍﾞﾘｰ18,573,1674,1287
60,冷凍食品,90,クスリのアオキ,5218,0,ｻﾇｷﾒﾆﾁﾊﾞﾝｷﾂﾈｳﾄﾞﾝ,TM讃岐麺一番ｷﾂﾈｳﾄﾞﾝ1食,きつねｳﾄﾞﾝ,1614,198,145
80,菓子・パン,18,敷島製パン　株式会社,5219,0,ｺｸｻﾝｺﾑｷﾞﾚﾝﾆｭｳｸｰﾍﾟ,P国産小麦の練乳ｸｰﾍﾟ,練乳ｸｰﾍﾟ,843,100,75.6
80,菓子・パン,18,敷島製パン　株式会社,5220,0,ﾎﾞﾛﾈｰｾﾞﾌｳﾄﾞｰﾅﾂ,Pﾁｰｽﾞのﾎﾞﾛﾈｰｾﾞ風ﾄﾞｰﾅﾂ,ﾄﾞｰﾅﾂ,842,100,75.6
50,ディリー食品,105,全日食(和日配）,5093,0,ｷｮｳﾗｸｱﾝｷｮｳﾄﾉﾃｱｹﾞ,京洛庵 京都の手揚げ小,京都手揚,512,85,64
80,菓子・パン,18,敷島製パン　株式会社,5221,0,ﾌﾛﾗﾝﾀﾝﾐﾀｲﾅｹｰｷ,Pﾌﾛﾗﾝﾀﾝみたいなｹｰｷ,ﾌﾛﾗﾝﾀﾝｹｰｷ,843,110,81.9
80,菓子・パン,18,敷島製パン　株式会社,5222,0,ｽﾅｯｸﾊﾟﾝﾌﾙｰﾂｱﾝﾄﾞﾌﾞﾗﾝ,Pｽﾅｯｸﾊﾟﾝ ﾌﾙｰﾂ&ﾌﾞﾗﾝ6本入,ﾌﾙｰﾂﾌﾞﾗﾝ,842,148,107.1
100,バラエティー,47,×ヤマキシ,5223,0,ｱｰｽﾈｽﾞﾐﾎｲﾎｲ,ｱｰｽ ﾈｽﾞﾐﾎｲﾎｲ2ｾｯﾄ,ﾈｽﾞﾐﾎｲﾎｲ,1041,598,475
100,バラエティー,90,クスリのアオキ,5224,0,ﾊﾛｰﾎﾞｯｸｽﾃｨｼｭ,ﾕﾆﾘｰﾊﾞ ﾊﾛｰﾎﾞｯｸｽﾃｨｼｭ5P,ﾊﾛｰﾎﾞｯｸｽ,1051,188,0
30,鮮魚・塩干魚,140,イケウチ,5225,0,ﾔﾏｻﾞｷｻﾊﾞｼｵﾌｨｰﾚ,山崎)ｻﾊﾞ汐ﾌｨｰﾚ2枚,鯖汐ﾌｨｰﾚ,341,328,230
30,鮮魚・塩干魚,140,イケウチ,5226,0,ｱﾜﾃｶﾚｲ,山崎)ｱﾜﾃｶﾚｲ汐開き2枚,ｱﾜﾃｶﾚｲ,341,328,230
50,ディリー食品,105,全日食(和日配）,5227,0,ｼﾛﾐｻｶﾅﾔｻｲｱﾝｶｹ,一正白身魚揚野菜ｱﾝｶｹ145g,白身魚野菜,516,198,148
50,ディリー食品,105,全日食(和日配）,5228,0,ｻﾂﾏｱｹﾞﾀｹﾉｺﾆﾓﾉ,一正さつま揚と筍煮物155g,さつま揚筍,516,198,148
50,ディリー食品,105,全日食(和日配）,5229,0,ﾁｸﾜｺﾝｻｲｲﾅｶﾆ,一正竹輪と根菜田舎煮140g,竹輪根菜,516,198,148
50,ディリー食品,105,全日食(和日配）,5094,0,ｵﾃﾞﾝｲﾁﾊﾞﾝﾔｷﾁｸﾜ,堀川おでん一番焼ちくわ*3,焼きちくわ,516,195,148
50,ディリー食品,105,全日食(和日配）,5094,1,ｵﾃﾞﾝｲﾁﾊﾞﾝﾔｷﾁｸﾜ,堀川おでん一番焼ちくわ*3,焼きちくわ,516,198,148
50,ディリー食品,38,ﾓﾝﾃｰﾙ,5095,0,ｷﾞｭｳﾆｭｳﾄﾀﾏｺﾞｶｽﾀｰﾄﾞﾎｲｯﾌﾟ,牛乳と卵のｶｽﾀｰﾄﾞﾎｲｯﾌﾟｼｭ-,ｶｽﾀｰﾄﾞWｼｭｰ,577,83,59
70,ドライ食品,107,全日食(ドライ),5088,0,ﾆｯｼﾝｶｯﾌﾟﾇｰﾄﾞﾙｶﾚｰ,日清ｶｯﾌﾟﾇｰﾄﾞﾙｶﾚｰ74g,ｶｯﾌﾟﾇｰﾄﾞﾙ,712,128,118
70,ドライ食品,107,全日食(ドライ),5096,0,ﾊｳｽｶﾘｰﾔｶﾚｰﾎﾟｰｸｶﾚｰ,ﾊｳｽｶﾘｰ屋ｶﾚｰﾎﾟｰｸｶﾚｰ中辛,ﾎﾟｰｸｶﾚｰ,718,88,71
70,ドライ食品,107,全日食(ドライ),5097,0,ｱｼﾞﾉﾓﾄﾀﾏｺﾞｶﾞﾕ,味の素玉子がゆ250g,玉子かゆ,724,108,81
70,ドライ食品,47,×ヤマキシ,5090,0,ﾈｽﾚｺﾞｰﾙﾄﾞﾌﾞﾚﾝﾄﾞ,ﾈｽﾚｺﾞｰﾙﾄﾞﾌﾞﾚﾝﾄﾞ瓶90g,ｺﾞｰﾙﾄﾞﾌﾞﾚﾝ,741,488,462
70,ドライ食品,47,×ヤマキシ,5090,1,ﾈｽﾚｺﾞｰﾙﾄﾞﾌﾞﾚﾝﾄﾞ,ﾈｽﾚｺﾞｰﾙﾄﾞﾌﾞﾚﾝﾄﾞ瓶90g,ｺﾞｰﾙﾄﾞﾌﾞﾚﾝ,741,498,462
80,菓子・パン,18,敷島製パン　株式会社,5098,0,ｽﾞｯｼﾘｱｽﾞｷｸﾙﾐ,Pずっしりあずき＆くるみ,あずきくる,843,100,75.6
80,菓子・パン,18,敷島製パン　株式会社,5099,0,ﾁｮｺｶﾞｹｺﾙﾈｱﾏｵｳ,Pﾁｮｺがけｺﾙﾈあまおうﾎｲｯﾌﾟ,ｺﾙﾈﾎｲｯﾌﾟ,843,89,63
100,バラエティー,47,×ヤマキシ,5089,0,ﾗｲｵﾝﾍﾔﾎﾞｼﾄｯﾌﾟ,ﾗｲｵﾝ部屋干しﾄｯﾌﾟ900g,部屋干ﾄｯﾌﾟ,1041,258,239
100,バラエティー,47,×ヤマキシ,5089,1,ﾗｲｵﾝﾍﾔﾎﾞｼﾄｯﾌﾟ,ﾗｲｵﾝ部屋干しﾄｯﾌﾟ900g,部屋干ﾄｯﾌﾟ,1041,298,239
30,鮮魚・塩干魚,48,竹本商店,5091,0,ﾚｲﾄｳﾌﾞﾘｶﾏ,冷凍ぶりかま1ヶ(天然塩付,ぶりかま,1612,198,148
