90,酒類,30,日本酒販㈱金沢支店,8185,0,ｷﾞﾝﾚｲﾀﾃﾔﾏﾄｸﾍﾞﾂﾎﾝｼﾞｮｳｿﾞｳ,銀嶺立山特別本醸造1200ml,銀嶺立山,921,1280,1099
60,冷凍食品,65,井村屋(アイス),8184,0,ﾔﾜﾓﾁｱｽﾞｷﾓﾅｶ,井村屋やわもちあずきﾓﾅｶ,やわもち,1671,75,57
60,冷凍食品,65,井村屋(アイス),8183,0,ﾔﾜﾓﾁﾊｸﾄｳ,井村屋やわもち白桃140ml,やわもち,1671,75,57
80,菓子・パン,108,全日食(ﾊﾟﾝ・菓子),8182,0,ｶﾂｵﾊﾟｯｸ,ﾔﾏｷかつおﾊﾟｯｸ2.5g*5袋,ｶﾂｵﾊﾟｯｸ,718,98,78
80,菓子・パン,108,全日食(ﾊﾟﾝ・菓子),8181,0,ﾌﾞﾄﾞｳ,ﾌﾞﾙﾎﾞﾝ果物ｲｯﾊﾟｲｾﾞﾘｰﾌﾞﾄﾞｳ,ｾﾞﾘｰ,819,98,73
80,菓子・パン,18,敷島製パン　株式会社,8180,0,ﾁｰｽﾞﾒﾛﾝﾊﾟﾝ,北海道ﾁｰｽﾞﾒﾛﾝﾊﾟﾝ,ﾁｰｽﾞﾒﾛﾝﾊﾟﾝ,843,105,75.6
50,ディリー食品,1,森永乳業,8179,0,ﾐﾙｸﾌﾟﾘﾝ,森永ﾐﾙｸﾌﾟﾘﾝ65g*3,ﾐﾙｸﾌﾟﾘﾝ,576,98,70
50,ディリー食品,1,森永乳業,8178,0,ﾚﾝﾆｭｳｶｵﾙｺｰﾋｰｾﾞﾘｰ,森永練乳香るｺｰﾋｰｾﾞﾘｰ130g,ｺｰﾋｰｾﾞﾘｰ,576,78,55
50,ディリー食品,1,森永乳業,8177,0,ﾊﾟﾝﾅｺｯﾀｼﾁﾘｱﾚﾓﾝ,ﾀﾆﾀ食堂ﾊﾟﾝﾅｺｯﾀｼﾁﾘｱﾚﾓﾝ85g,ﾀﾆﾀ,576,89,64.25
50,ディリー食品,2,明治乳業㈱　北陸事業所,8176,0,ﾌﾟﾛﾋﾞｵLG21ﾃｲｼﾎﾞｳ,明治ﾌﾟﾛﾋﾞｵLG21低脂肪112g,LG21低脂,575,123,77.8
50,ディリー食品,106,全日食(洋日配),8175,0,ｳﾙﾙｽ,うるる酢ゆず&ﾚﾓﾝ味125ml,うるる酢,573,138,98
50,ディリー食品,106,全日食(洋日配),8174,0,ｳﾙﾙｽ,うるる酢ｱｾﾛﾗ&ｷｳｲ味125ml,うるる酢,573,138,98
20,精肉・加工肉,102,全日食(精肉･加工肉),8173,0,ｱﾗﾋﾞｷｳｲﾝﾅ,信州ｸﾞﾘｰﾝﾗ)ｱﾗﾋﾞｷｳｲﾝﾅ100g,ｸﾞﾘｰﾝﾗﾍﾞﾙ,271,278,195
40,デリカ,29,志のぶ商事㈱北陸支店,8172,0,ｼｵｻﾊﾞﾐｯｸｽﾉﾘﾍﾞﾝ,塩さばﾐｯｸｽのり弁,のり弁,413,380,279
50,ディリー食品,105,全日食(和日配）,8171,0,ｼﾏﾀﾞﾔｼｵﾔｷｿﾊﾞ,ｼﾏﾀﾞﾔ3食塩焼そば450g,塩焼そば,511,95,82
50,ディリー食品,105,全日食(和日配）,8170,0,ｺﾞﾓｸﾏﾒ,ﾌｼﾞｯｺ甘さﾋｶｴﾀごもく豆135,ごもくまめ,517,150,120
30,鮮魚・塩干魚,48,竹本商店,8169,0,ﾀｲｲｯﾋﾟｷ,たい（中）一匹,たい一匹,311,1200,100
40,デリカ,18,敷島製パン　株式会社,8168,0,ﾂﾅﾀﾏｺﾞｻﾝﾄﾞ,ｻﾝﾄﾞｲｯﾁ ﾂﾅたまごｻﾝﾄﾞ,ﾂﾅﾀﾏｺﾞ,440,142,113.4
30,鮮魚・塩干魚,116,七尾魚市場,8167,0,ﾐｶﾞｷﾆｼﾝ500ｇ,身欠きにしん500g,身欠にしん,341,938,750
80,菓子・パン,152,山貴,8166,0,ｶﾝﾊﾟﾝ,氷砂糖入乾ﾊﾟﾝ110g,ｶﾝﾊﾟﾝ,822,228,170
80,菓子・パン,18,敷島製パン　株式会社,8165,0,ｸｻﾀﾞｲﾌｸ4ｺｲﾘ,草大福4個入,草大福4個,844,128,94.5
40,デリカ,104,全日食(デリカ),8164,0,ｷﾑﾁｰｽﾞﾎﾟﾃﾄ,ﾎﾟﾃｻﾗお酒合うｷﾑﾁｰｽﾞﾎﾟﾃﾄ,ｷﾑﾁｰｽﾞ,473,148,110
40,デリカ,104,全日食(デリカ),8163,0,ﾎﾞｳﾎﾞｳﾄﾞﾘ,ﾎﾟﾃｻﾗお酒合う棒々鶏ﾎﾟﾃﾄ,棒々鶏,473,148,110
60,冷凍食品,64,森永(アイス),8162,0,ﾊﾟﾙﾑ ｽﾄﾛﾍﾞﾘｰ&ﾎﾜｲﾄﾁｮｺ,ﾊﾟﾙﾑ ｽﾄﾛﾍﾞﾘｰ&ﾎﾜｲﾄﾁｮｺ,ﾊﾟﾙﾑ,1672,250,224.28
60,冷凍食品,64,森永(アイス),8161,0,ｶﾌﾟﾁｰﾉ,ﾊﾟﾙﾑ ｶﾌﾟﾁｰﾉ,ｶﾌﾟﾁｰﾉ,1672,250,224.28
40,デリカ,104,全日食(デリカ),8160,0,ﾆｸｼﾞｬｶﾞ,ﾔﾏｻﾞｷ牛肉男爵芋肉じゃが,肉じゃが,471,178,153
10,青果物,33,江口青果株式会社,8159,0,ｳﾒ,梅L1kg,うめL,121,930,700
10,青果物,33,江口青果株式会社,8158,0,ｳﾒ,梅M1kg,うめM,121,930,700
10,青果物,33,江口青果株式会社,8157,0,ｺﾞﾎﾞｳ,新ごぼうM2本,ごぼう,113,333,250
40,デリカ,102,全日食(精肉･加工肉),8156,0,ﾌﾜﾀﾏｵﾑﾚﾂ,日ﾊﾑふわたまｵﾑﾚﾂ4種ﾁｰｽﾞ,ｵﾑﾚﾂ,299,198,139
80,菓子・パン,18,敷島製パン　株式会社,8155,0,ﾓﾁｯﾄﾛｰﾙﾊﾞﾅﾅ,もちっとﾛｰﾙﾊﾞﾅﾅ6個入,もちっとR,843,105,75.6
80,菓子・パン,18,敷島製パン　株式会社,8154,0,ｺｸｻﾝｺﾑｷﾞﾉﾁｰｽﾞﾊﾟﾝ,国産小麦ﾁｰｽﾞﾊﾟﾝ,ﾁｰｽﾞﾊﾟﾝ,843,105,75.6
50,ディリー食品,1,森永乳業,8153,0,ﾏﾝｺﾞｰY,森永生乳とﾏﾝｺﾞｰﾖｰｸﾞﾙﾄ118,ﾏﾝｺﾞｰY,575,98,68
50,ディリー食品,36,ロピア,8152,0,ｽﾌﾚ&ﾚｱﾁｰｽﾞ,ｽﾌﾚ&ﾚｱﾁｰｽﾞ,ｽﾌﾚ＆ﾚｱ,577,115,78
50,ディリー食品,36,ロピア,8151,0,ﾊﾝｼﾞｭｸｽﾌﾚﾁｰｽﾞ,半熟ｽﾌﾚﾁｰｽﾞ,半熟ｽﾌﾚ,577,115,78
50,ディリー食品,36,ロピア,8150,0,ﾐﾙｸﾚｱﾁｰｽﾞｹｰｷ,ﾐﾙｸﾚｱﾁｰｽﾞｹｰｷ,ﾐﾙｸﾚｱ,577,115,78
10,青果物,33,江口青果株式会社,8149,0,ｺﾞｰﾔ,ｺﾞｰﾔ2L1本,ｺﾞｰﾔ,119,198,150
10,青果物,33,江口青果株式会社,8149,1,ｺﾞｰﾔ,ｺﾞｰﾔ2L1本,ｺﾞｰﾔ,119,178,130
10,青果物,33,江口青果株式会社,8148,0,ｱﾏﾈｷﾞ10kg,玉ねぎ10㎏,玉ねぎ10㎏,113,2250,1800
50,ディリー食品,105,全日食(和日配）,8147,0,ﾔｻｲｽｲｷﾞｮｳｻﾞ,ふじや5種野菜水餃子12個,野菜水餃子,471,185,140
40,デリカ,104,全日食(デリカ),8146,0,ｺﾝｻｲｲﾅｶﾆ,一正旨竹輪根菜田舎煮140g,根菜田舎煮,472,208,148
40,デリカ,29,志のぶ商事㈱北陸支店,8145,0,ﾋﾔｼｵﾛｼｿﾊﾞ,涼風絶佳冷しおろしそば,おろしそば,419,260,188
40,デリカ,29,志のぶ商事㈱北陸支店,8144,0,ﾄﾛﾛｿﾊﾞ,涼風絶佳冷しとろろそば,とろろそば,419,260,188
80,菓子・パン,18,敷島製パン　株式会社,8143,0,ﾁｷﾞｯﾃｼﾅﾓﾝ,ちぎってｼﾅﾓﾝ,ちぎって,843,105,75.6
80,菓子・パン,18,敷島製パン　株式会社,8142,0,ｵﾓﾁﾊﾟﾝ,国産小麦きなこおもちぱん,おもちぱん,843,105,75.6
80,菓子・パン,18,敷島製パン　株式会社,8141,0,ﾁｰｽﾞｹｰｷ,濃いするﾁｰｽﾞｹｰｷ,ﾁｰｽﾞｹｰｷ,843,105,75.6
50,ディリー食品,38,ﾓﾝﾃｰﾙ,8140,0,ﾓﾝﾃｰﾙﾐﾆｹｰｷﾊﾞﾆﾗ2P,ﾓﾝﾃｰﾙﾐﾆｹｰｷﾊﾞﾆﾗ2P,ﾐﾆｹｰｷ,577,108,78
30,鮮魚・塩干魚,116,七尾魚市場,8139,0,ﾐｶﾞｷﾆｼﾝ,身欠きにしん150g,身欠きﾆｼﾝ,341,298,225
90,酒類,30,日本酒販㈱金沢支店,8138,0,ｻｹ3ﾎﾝ,生貯蔵酒3本ｾｯﾄ,ｾｯﾄ,921,950,757
100,バラエティー,126,amazon,8137,0,ﾕﾅｲﾃｯﾄﾞｱｽﾚﾄｰﾄﾊﾞｯｸﾞ,ﾕﾅｲﾃｯﾄﾞｱｽﾚﾄｰﾄﾊﾞｯｸﾞ,ﾄｰﾄﾊﾞｯｸﾞ,1999,1400,831.49
70,ドライ食品,107,全日食(ドライ),8136,0,ｼｽﾞｵｶﾒｲﾁｬ,静岡銘茶,静岡銘茶,799,3941,3350
70,ドライ食品,107,全日食(ドライ),8135,0,ｶﾆｶﾝﾉﾘ,かに缶・海苔詰合せ,蟹缶海苔,799,2365,2010
100,バラエティー,111,全日食(バラエティ）,8134,0,ﾊﾈﾌﾄﾝ,ｽﾄﾚｳﾞｧ羽根布団,羽根布団,1999,6471,5500
100,バラエティー,111,全日食(バラエティ）,8133,0,ﾆｯﾄﾜｯﾌﾙ,東洋紡ﾆｯﾄﾜｯﾌﾙ敷ﾊﾟｯﾄ,ﾆｯﾄﾜｯﾌﾙ,1999,2759,2345
100,バラエティー,111,全日食(バラエティ）,8132,0,ｼｷﾊﾟｯﾄ,ｱﾀﾞﾑ&ｲﾌﾞﾊﾟｲﾙ敷ﾊﾟｯﾄﾌﾞﾙｰ,敷ﾊﾟｯﾄ,1999,2365,2010
100,バラエティー,111,全日食(バラエティ）,8131,0,ﾄﾛｲﾊﾀﾞﾌﾞﾄﾝ,ﾄﾛｲ肌布団ﾌﾞﾙｰ,肌布団,1999,3529,3000
10,青果物,33,江口青果株式会社,8130,0,ｺﾞｰﾙﾄﾞｷｳｲ,ｺﾞｰﾙﾄﾞｷｳｲ,ｺﾞｰﾙﾄﾞｷｳｲ,121,134,100
90,酒類,30,日本酒販㈱金沢支店,8129,0,ｱｻﾋﾄﾞﾗｲ0ﾉﾝｱﾙｺｰﾙ,ｱｻﾋﾄﾞﾗｲ0ﾉﾝｱﾙｺｰﾙ350ml*24,ﾉﾝｱﾙ,939,2680,2328
90,酒類,30,日本酒販㈱金沢支店,8128,0,ﾀﾝﾚｲｺﾞｸｼﾞｮｳ500*24,ｷﾘﾝ淡麗極上500ml*24缶,淡麗極上,911,4180,3732
90,酒類,30,日本酒販㈱金沢支店,8127,0,ｷﾘﾝﾀﾝﾚｲｺﾞｸｼﾞｮｳ*24ｶﾝ,ｷﾘﾝ淡麗極上350ml*24缶,淡麗極上,911,2998,2695
90,酒類,30,日本酒販㈱金沢支店,8126,0,ｷﾘﾝﾀﾝﾚｲｺﾞｸｼﾞｮｳ350*6,ｷﾘﾝ淡麗極上350ml*6缶,淡麗極上,911,772,674
100,バラエティー,111,全日食(バラエティ）,8125,0,ｽﾅｯﾌﾟﾀｯﾌﾟ,ﾊﾟﾅｿﾆｯｸｽﾅｯﾌﾟﾀｯﾌﾟ,ﾀｯﾌﾟ,1041,288,191
100,バラエティー,111,全日食(バラエティ）,8124,0,ｱｰｽﾉｰﾏｯﾄﾄﾘｶｴ,ｱｰｽﾉｰﾏｯﾄ取替30日無香,ｱｰｽﾉｰﾏｯﾄ,1040,498,376
100,バラエティー,111,全日食(バラエティ）,8123,0,ｳｽﾞﾏｷｺｳ,ｱｰｽ渦巻香10巻入,渦巻香,1040,228,164
100,バラエティー,111,全日食(バラエティ）,8122,0,ﾅｲｽﾊﾝﾄﾞ,ｼｮｰﾜﾅｲｽﾊﾝﾄﾞﾌｨｯﾄ薄Mｸﾞﾘｰﾝ,ﾅｲｽﾊﾝﾄﾞ,1030,108,78
100,バラエティー,111,全日食(バラエティ）,8121,0,ﾁｬｰﾐｰﾏｼﾞｶﾂﾒｶｴ,ﾗ)ﾁｬｰﾐｰﾏｼﾞｶｵﾚﾝｼﾞ詰替600m,ﾁｬｰﾐ詰替え,1022,338,247
100,バラエティー,111,全日食(バラエティ）,8120,0,ﾁｬｰﾐｰﾏｼﾞｶ,ﾗ)ﾁｬｰﾐｰﾏｼﾞｶｵﾚﾝｼﾞ本体230m,ﾁｬｰﾐｰ,1022,168,125
100,バラエティー,111,全日食(バラエティ）,8119,0,ﾃﾞﾝﾀﾙﾍﾟｽﾄ,ｻﾝｽﾀｰGUMﾃﾞﾝﾀﾙﾍﾟｰｽﾄ120g,ﾃﾞﾝﾀﾙﾍﾟｰ,1011,380,285
70,ドライ食品,107,全日食(ドライ),8118,0,ﾘｮｳﾘｼｭ,ｷﾝｸﾞ日の出料理酒醇良1L,料理酒,99,318,221
70,ドライ食品,107,全日食(ドライ),8117,0,ﾔｷｻｹ,日水焼さけあらほぐし52g,焼さけ,714,189,129
70,ドライ食品,107,全日食(ドライ),8116,0,ﾏ･ﾏｰﾊﾟｽﾀｷｯﾁﾝﾅﾎﾟﾘﾀﾝ140g,ﾏ･ﾏｰﾊﾟｽﾀｷｯﾁﾝﾅﾎﾟﾘﾀﾝ140g,ﾅﾎﾟﾘﾀﾝ,713,128,88
70,ドライ食品,107,全日食(ドライ),8116,1,ﾏ･ﾏｰﾊﾟｽﾀｷｯﾁﾝﾅﾎﾟﾘﾀﾝ140g,ﾏ･ﾏｰﾊﾟｽﾀｷｯﾁﾝﾅﾎﾟﾘﾀﾝ140g,ﾅﾎﾟﾘﾀﾝ,713,110,88
70,ドライ食品,107,全日食(ドライ),8115,0,ﾏ･ﾏｰﾊﾟｽﾀｷｯﾁﾝﾐｰﾄｿｰｽ140g,ﾏ･ﾏｰﾊﾟｽﾀｷｯﾁﾝﾐｰﾄｿｰｽ140g,ﾐｰﾄｰｿｽ,713,128,88
70,ドライ食品,107,全日食(ドライ),8115,1,ﾏ･ﾏｰﾊﾟｽﾀｷｯﾁﾝﾐｰﾄｿｰｽ140g,ﾏ･ﾏｰﾊﾟｽﾀｷｯﾁﾝﾐｰﾄｿｰｽ140g,ﾐｰﾄｰｿｽ,713,110,88
100,バラエティー,90,クスリのアオキ,8114,0,ﾌﾚｸﾞﾗﾝｽﾆｭｰﾋﾞｰｽﾞ,花王ﾌﾚｸﾞﾗﾝｽﾆｭｰﾋﾞｰｽﾞ850g,ﾆｭｰﾋﾞｰｽﾞ,1021,344,258
70,ドライ食品,107,全日食(ドライ),8113,0,ｿｳﾗｰﾒﾝ,永谷園そうらーめん2人前,そうらーめ,712,258,189
70,ドライ食品,107,全日食(ドライ),8113,1,ｿｳﾗｰﾒﾝ,永谷園そうらーめん2人前,そうらーめ,712,237,189
70,ドライ食品,107,全日食(ドライ),8112,0,ﾗｵｳｼｵ,日清ﾗ王味塩5食,らおう塩,712,400,300
70,ドライ食品,107,全日食(ドライ),8112,1,ﾗｵｳｼｵ,日清ﾗ王味塩5食,らおう塩,712,375,300
70,ドライ食品,107,全日食(ドライ),8111,0,ｶﾚｰｳﾄﾞﾝ,ﾏﾙﾁｬﾝ正麺ｶﾚｰうどん5食,ｶﾚｰｳﾄﾞﾝ,712,400,300
100,バラエティー,111,全日食(バラエティ）,8110,0,ﾑｼｺﾛﾘｱｰｽ,ｱｰｽ虫ｺﾛﾘｱｰｽ粉剤550ml,虫ｺﾛﾘ,1040,598,470
90,酒類,30,日本酒販㈱金沢支店,8109,0,ｸﾘｱｱｻﾋ*6,ｱｻﾋｸﾘｱｱｻﾋ350ml*6缶,ｸﾘｱｱｻﾋ,911,648,582
40,デリカ,29,志のぶ商事㈱北陸支店,8108,0,ﾍﾞﾆｻｹﾎｸﾞｼﾍﾞﾝﾄｳ,紅鮭ほぐし丼,紅鮭弁当,413,289,204
40,デリカ,104,全日食(デリカ),8107,0,QPﾂﾌﾞｼﾃｵｲｼｲﾀﾏｺﾞｻﾗﾀﾞ156g,QPﾂﾌﾞｼﾃｵｲｼｲﾀﾏｺﾞｻﾗﾀﾞ156g,ﾀﾏｺﾞｻﾗﾀﾞ,473,198,138
40,デリカ,104,全日食(デリカ),8106,0,ｼﾛﾐｻｶﾅﾔｼｱｱﾝｶｹ,一正白身魚野菜ｱﾝｶｹ145g,白身魚,471,208,148
50,ディリー食品,105,全日食(和日配）,8105,0,ﾄｳﾓﾛｺｼﾃﾝ,堀川とうもろこし天4枚,もろこし天,518,198,148
20,精肉・加工肉,79,騎寄精肉店,8104,0,ﾜｷﾞｭｳﾓﾓﾊﾞﾗﾔｷﾆｸﾖｳ100g,和牛ﾓﾓﾊﾞﾗ焼肉用100g,ﾓﾓﾊﾞﾗ焼,211,600,450
20,精肉・加工肉,79,騎寄精肉店,8104,1,ﾜｷﾞｭｳﾓﾓﾊﾞﾗﾔｷﾆｸﾖｳ100g,和牛ﾓﾓﾊﾞﾗ焼肉用100g,ﾓﾓﾊﾞﾗ焼,211,538,450
70,ドライ食品,107,全日食(ドライ),8103,0,ﾋﾄﾂﾌﾞﾉｷﾗﾒｷ,ｺｼﾋｶﾘ一粒のきらめき5kg,きらめき,721,1780,1600
20,精肉・加工肉,79,騎寄精肉店,8102,0,ﾄﾘﾌﾞﾀﾔｷﾆｸｾｯﾄ,鶏豚焼肉ｾｯﾄ,鶏豚焼肉,221,589,496
20,精肉・加工肉,79,騎寄精肉店,8102,1,ﾄﾘﾌﾞﾀﾔｷﾆｸｾｯﾄ,鶏豚焼肉ｾｯﾄ,鶏豚焼肉,221,698,496
50,ディリー食品,105,全日食(和日配）,8101,0,ﾋﾔｼﾁｭｳｶｼｮｳﾕ,日清冷し中華しょうゆ3食,冷し中華,511,289,220
50,ディリー食品,105,全日食(和日配）,8100,0,ﾋﾔｼﾁｭｳｶ,日清冷し中華ごま3食入,冷し中華,511,289,220
70,ドライ食品,107,全日食(ドライ),8099,0,ﾎﾟｶﾘｽｴｯﾄ340ｶﾝ,大塚ﾎﾟｶﾘｽｴｯﾄ340ml缶,ﾎﾟｶﾘ缶,743,89,75
70,ドライ食品,107,全日食(ドライ),8098,0,ﾄﾞﾝﾍﾞｲﾃﾝｿﾊﾞﾐﾆ,どん兵衛天そばﾐﾆ46g,天ｿﾊﾞﾐﾆ,712,89,74
70,ドライ食品,107,全日食(ドライ),8097,0,ｴｰｽｺｯｸﾜｶﾒｺﾞﾏｼｮｳﾕﾐﾆ38g,ｴｰｽｺｯｸﾜｶﾒｺﾞﾏｼｮｳﾕﾐﾆ38g,ﾜｶﾒﾐﾆ,712,89,74
50,ディリー食品,105,全日食(和日配）,8096,0,ｱﾂｱｹﾞ,ｱｻﾀﾞ厚揚げ袋ﾀｲﾌﾟ230g,厚揚げ,512,89,65
70,ドライ食品,90,クスリのアオキ,8095,0,ﾐﾂｶﾝﾎﾝﾃﾘ1L,ﾐﾂｶﾝほんてり1L,ほんてり1L,731,0,0
50,ディリー食品,106,全日食(洋日配),8094,0,ﾅﾏｸﾘｰﾑ,雪)ﾌﾚｯｼｭ北海道生ｸﾘｰﾑ200m,生ｸﾘｰﾑ,579,368,257
50,ディリー食品,106,全日食(洋日配),8093,0,ﾎｲｯﾌﾟ,雪印ﾎｲｯﾌﾟ植物性脂肪200ml,ﾎｲｯﾌﾟ,579,138,95
50,ディリー食品,105,全日食(和日配）,8092,0,ﾁｬﾜﾝﾑｼｶﾆ,ふじや涼風茶碗蒸かに160g,茶碗蒸かに,512,118,82
50,ディリー食品,105,全日食(和日配）,8092,1,ﾁｬﾜﾝﾑｼｶﾆ,ふじや涼風茶碗蒸かに160g,茶碗蒸かに,512,110,82
50,ディリー食品,105,全日食(和日配）,8091,0,ﾁｬﾜﾝﾑｼﾏﾂﾀｹ,ふじや涼風茶碗蒸松茸160g,茶碗蒸松茸,518,118,82
50,ディリー食品,105,全日食(和日配）,8091,1,ﾁｬﾜﾝﾑｼﾏﾂﾀｹ,ふじや涼風茶碗蒸松茸160g,茶碗蒸松茸,518,110,82
50,ディリー食品,105,全日食(和日配）,8090,0,ﾁｬﾜﾝﾑｼ,ふじや涼風茶碗蒸ｴﾋﾞ160g,茶碗蒸エビ,518,118,82
50,ディリー食品,105,全日食(和日配）,8090,1,ﾁｬﾜﾝﾑｼ,ふじや涼風茶碗蒸ｴﾋﾞ160g,茶碗蒸エビ,518,110,82
50,ディリー食品,105,全日食(和日配）,8089,0,ｺﾞﾏｺﾝﾌﾞ,ｶﾈﾊﾂ減塩健者ごま昆布50g,ごま昆布,518,118,82
50,ディリー食品,105,全日食(和日配）,8088,0,ﾔｻｲﾏﾒ,ｶﾈﾊﾂ低糖健者の野菜豆120g,野菜豆,518,118,82
50,ディリー食品,105,全日食(和日配）,8087,0,ｵｶﾒﾅｯﾄｳﾀﾚﾎﾞﾄﾙ,ﾀｶﾉおかめ納豆ﾀﾚﾎﾞﾄﾙ100ml,ﾀﾚﾎﾞﾄﾙ,513,148,98
70,ドライ食品,107,全日食(ドライ),8086,0,ﾀﾝｻﾝ,小倉食品ﾀﾝｻﾝ35g,ﾀﾝｻﾝ35ｇ,711,68,49
70,ドライ食品,107,全日食(ドライ),8086,1,ﾀﾝｻﾝ,小倉食品ﾀﾝｻﾝ35g,ﾀﾝｻﾝ35ｇ,711,62,49
70,ドライ食品,107,全日食(ドライ),8085,0,ｷﾅｺ,四季の花きな粉150g,きなこ,711,124,88
70,ドライ食品,107,全日食(ドライ),8084,0,ｸﾙﾏﾌｽﾗｲｽ,荒井車麩ｽﾗｲｽ10枚,車麩,711,118,85
70,ドライ食品,107,全日食(ドライ),8084,1,ｸﾙﾏﾌｽﾗｲｽ,荒井車麩ｽﾗｲｽ10枚,車麩,711,108,85
70,ドライ食品,107,全日食(ドライ),8083,0,ｽﾘｺﾞﾏ,浜乙女白すりごま80g,すりごま,711,158,110
70,ドライ食品,107,全日食(ドライ),8083,1,ｽﾘｺﾞﾏ,浜乙女白すりごま80g,すりごま,711,138,110
70,ドライ食品,107,全日食(ドライ),8082,0,ｺｳﾔ,旭松小ｻﾅこうや旨味ﾀﾞｼ付,こうや,713,168,120
70,ドライ食品,107,全日食(ドライ),8082,1,ｺｳﾔ,旭松小ｻﾅこうや旨味ﾀﾞｼ付,こうや,713,152,120
70,ドライ食品,107,全日食(ドライ),8081,0,ｸｽﾞｷﾘ,池利　翁くずきり90g,くずきり,711,168,114
70,ドライ食品,107,全日食(ドライ),8080,0,ﾍﾞﾆｴﾋﾞ,ﾔﾏﾋﾃﾞ食品紅えび20g,紅えび,711,138,88
70,ドライ食品,107,全日食(ドライ),8080,1,ﾍﾞﾆｴﾋﾞ,ﾔﾏﾋﾃﾞ食品紅えび20g,紅えび,711,110,88
40,デリカ,104,全日食(デリカ),8079,0,ﾎｯｹﾉﾋﾓﾉ,ﾃﾞﾙｼｰほっけの干物,ほっけ干物,471,278,190
40,デリカ,104,全日食(デリカ),8078,0,ｱｼﾞﾉﾋﾗｷ,ﾃﾞﾙｼｰFCあじの開き,鯵の開き,471,298,210
40,デリカ,104,全日食(デリカ),8077,0,ｽﾌﾞﾀ,ﾃﾞﾙｼｰ酢豚130g,酢豚,471,198,132
40,デリカ,104,全日食(デリカ),8077,1,ｽﾌﾞﾀ,ﾃﾞﾙｼｰ酢豚130g,酢豚,471,189,132
40,デリカ,104,全日食(デリカ),8077,2,ｽﾌﾞﾀ,ﾃﾞﾙｼｰ酢豚130g,酢豚,471,165,132
40,デリカ,104,全日食(デリカ),8076,0,ｷﾘｺﾝﾌﾞﾉﾆﾓﾉ,ﾃﾞﾙｼｰ切り昆布の煮物80g,煮物,471,138,94
40,デリカ,104,全日食(デリカ),8076,1,ｷﾘｺﾝﾌﾞﾉﾆﾓﾉ,ﾃﾞﾙｼｰ切り昆布の煮物80g,煮物,471,118,94
40,デリカ,104,全日食(デリカ),8075,0,ｺｳﾔﾄｳﾌﾉﾆﾓﾉ,ﾃﾞﾙｼ高野豆腐の煮物80g,高野豆腐,471,138,94
40,デリカ,104,全日食(デリカ),8075,1,ｺｳﾔﾄｳﾌﾉﾆﾓﾉ,ﾃﾞﾙｼ高野豆腐の煮物80g,高野豆腐,471,118,94
40,デリカ,104,全日食(デリカ),8075,2,ｺｳﾔﾄｳﾌﾉﾆﾓﾉ,ﾃﾞﾙｼ高野豆腐の煮物80g,高野豆腐,471,130,94
40,デリカ,104,全日食(デリカ),8074,0,ｶﾎﾞﾁｬｻﾗﾀﾞ75g,ｶﾈﾊﾂかぼちゃｻﾗﾀﾞ75g,かぼちゃ,473,138,92
40,デリカ,104,全日食(デリカ),8074,1,ｶﾎﾞﾁｬｻﾗﾀﾞ75g,ｶﾈﾊﾂかぼちゃｻﾗﾀﾞ75g,かぼちゃ,473,128,92
80,菓子・パン,108,全日食(ﾊﾟﾝ・菓子),8073,0,ｱﾂﾔｷｼｮｳﾕ,金吾堂厚焼きしょうゆ8枚,厚焼しょう,814,188,132
80,菓子・パン,108,全日食(ﾊﾟﾝ・菓子),8072,0,ﾌﾟﾁｳｽﾔｷ,ﾌﾞﾙﾎﾞﾝﾌﾟﾁうす焼36g,うすやき,811,84,58
80,菓子・パン,108,全日食(ﾊﾟﾝ・菓子),8072,1,ﾌﾟﾁｳｽﾔｷ,ﾌﾞﾙﾎﾞﾝﾌﾟﾁうす焼36g,うすやき,811,78,58
80,菓子・パン,108,全日食(ﾊﾟﾝ・菓子),8071,0,ﾄﾞﾃﾞｶｲﾗｰﾒﾝﾁｷﾝ74g,ﾄﾞﾃﾞｶｲﾗｰﾒﾝﾁｷﾝ74g,ﾄﾞﾃﾞｶｲﾗｰ,813,100,70
80,菓子・パン,108,全日食(ﾊﾟﾝ・菓子),8070,0,ﾌﾟﾘｯﾂ,江崎ｸﾞﾘｺﾌﾟﾘｯﾂ<ｻﾗﾀﾞ>69g,ﾌﾟﾘｯﾂ,811,118,85
80,菓子・パン,108,全日食(ﾊﾟﾝ・菓子),8069,0,ﾋﾞｽｺ,江崎ｸﾞﾘｺﾋﾞｽｺ15枚,ﾋﾞｽｺ,811,110,80
90,酒類,30,日本酒販㈱金沢支店,8068,0,ﾌﾟﾗﾁﾅﾀﾞﾌﾞﾙ350*6,淡麗ﾌﾟﾗﾁﾅﾀﾞﾌﾞﾙ350ml*6缶,ﾌﾟﾗﾁﾅﾀﾞﾌﾞﾙ,911,772,674
80,菓子・パン,108,全日食(ﾊﾟﾝ・菓子),8067,0,カルパス,ﾌﾟﾘﾏﾊﾑひとくちｶﾙﾊﾟｽ125g,ｶﾙﾊﾟｽ,811,368,262
80,菓子・パン,108,全日食(ﾊﾟﾝ・菓子),8066,0,ｱｰﾓﾝﾄﾞﾁｬｯｸ,共立ｱｰﾓﾝﾄﾞﾁｬｯｸ付90g,ｱｰﾓﾝﾄﾞ,811,288,205
70,ドライ食品,107,全日食(ドライ),8065,0,ｺﾞｰﾙﾄﾞﾌﾞﾚﾝﾄﾞｱﾏｻﾋｶｴﾒ*12,ｺﾞｰﾙﾄﾞﾌﾞﾚﾝﾄﾞ甘控900ml*12,ｺﾞｰﾙﾄﾞﾌﾞﾚ,741,1776,1320
70,ドライ食品,107,全日食(ドライ),8064,0,ｺﾞｰﾙﾄﾞﾌﾞﾚﾝﾄﾞﾑﾄｳ*12,ｺﾞｰﾙﾄﾞﾌﾞﾚﾝﾄﾞ無糖900ml*12,ｺﾞｰﾙﾄﾞﾌﾞ,741,1776,1320
70,ドライ食品,107,全日食(ドライ),8063,0,ﾎﾞｽｾﾞｲﾀｸﾋﾞﾄｳ,ﾎﾞｽ贅沢微糖185ｇ,贅沢微糖,743,88,56
70,ドライ食品,107,全日食(ドライ),8062,0,ﾑﾄｳﾌﾞﾗｯｸ,ｻﾝﾄﾘﾎﾞｽ無糖ﾌﾞﾗｯｸ185ｇ*30,無糖ﾌﾞﾗｯｸ,743,2340,1680
70,ドライ食品,107,全日食(ドライ),8061,0,ﾑﾄｳﾌﾞﾗｯｸ,ｻﾝﾄﾘｰﾎﾞｽ無糖ﾌﾞﾗｯｸ185ｇ,無糖ﾌﾞﾗｯｸ,743,88,56
70,ドライ食品,107,全日食(ドライ),8060,0,ﾑﾙｸﾃｨ,午後の紅茶ﾐﾙｸﾃｨｰ500ml*24,みるくてぃ,743,2450,1800
70,ドライ食品,107,全日食(ドライ),8059,0,ﾐﾙｸﾃｨ,午後の紅茶ﾐﾙｸﾃｨｰ500ml,ﾐﾙｸﾃｨ,743,103,75
70,ドライ食品,107,全日食(ドライ),8059,1,ﾐﾙｸﾃｨ,午後の紅茶ﾐﾙｸﾃｨｰ500ml,ﾐﾙｸﾃｨ,743,98,75
70,ドライ食品,107,全日食(ドライ),8058,0,ﾑｷﾞﾁｬ,伊藤園健康ﾐﾈﾗﾙ麦茶2L*6,麦茶2L*6,843,1098,774
70,ドライ食品,107,全日食(ドライ),8057,0,ﾐﾈﾗﾙﾑｷﾞﾁｬ,伊藤園健康ﾐﾈﾗﾙ麦茶2L,麦茶,743,189,129
70,ドライ食品,107,全日食(ドライ),8056,0,ﾄﾞﾘｯﾌﾟｺｰﾋｰ,UCCﾄﾞﾘｯﾌﾟｺｰﾋｰSPﾌﾞﾚﾝﾄﾞ8P,ﾄﾞﾘｯﾌﾟｺ,741,228,160
70,ドライ食品,107,全日食(ドライ),8055,0,ﾋﾟｭｱｾﾚｸﾄ,味の素ﾋﾟｭｱｾﾚｸﾄｶﾛﾘｰｶｯﾄ360,ﾋﾟｭｱｾﾚｸﾄ,732,218,153
100,バラエティー,90,クスリのアオキ,8054,0,ｿﾌﾗﾝｱﾛﾏﾘｯﾁﾎﾞﾄﾙ,ｿﾌﾗﾝｱﾛﾏﾘｯﾁｽｶｰﾚｯﾄﾎﾞﾄﾙ,ｿﾌﾗﾝ,1999,384,288
60,冷凍食品,64,森永(アイス),8053,0,ﾊﾞﾆﾗ&ｲﾁｺﾞ,森永ﾊﾞﾆﾗ＆いちご（ﾏﾙﾁ）,ﾊﾞﾆﾗ＆ｲﾁｺﾞ,1672,198,145
70,ドライ食品,107,全日食(ドライ),8052,0,ｼﾗｺﾉﾘ,白子のり味朝食香4P,のり,711,178,140
80,菓子・パン,18,敷島製パン　株式会社,8051,0,ｲﾛﾔｷｺﾝﾌﾞﾛｰﾙ,白焼き昆布ﾛｰﾙ4個入,昆布ﾛｰﾙ,843,148,107.1
80,菓子・パン,108,全日食(ﾊﾟﾝ・菓子),8050,0,ﾎｼﾀﾍﾞﾖ,栗山)星たべよしお味22枚,星たべよ,813,158,114
80,菓子・パン,108,全日食(ﾊﾟﾝ・菓子),8050,1,ﾎｼﾀﾍﾞﾖ,栗山)星たべよしお味22枚,星たべよ,813,160,114
50,ディリー食品,38,ﾓﾝﾃｰﾙ,8049,0,4Pｶｽﾀｰﾄﾞ&ﾎｲｯﾌﾟﾜｯﾌﾙ,4Pｶｽﾀｰﾄﾞ&ﾎｲｯﾌﾟﾜｯﾌﾙ,ﾜｯﾌﾙ,577,178,132
50,ディリー食品,2,明治乳業㈱　北陸事業所,8048,0,ﾘﾝｺﾞ&ﾊﾞﾅﾅ,ﾌﾞﾙｶﾞﾘｱ脂肪0ﾘﾝｺﾞﾊﾞﾅﾅ180g,ﾌﾞﾙｶﾞﾘｱ,575,100,75
70,ドライ食品,83,田尻虎蔵商店,8047,0,ﾎｳｼﾞﾁｬ,田尻ほうじ茶ﾃｨｰﾊﾞｯｸﾞ36P,ほうじちゃ,742,500,375
20,精肉・加工肉,79,騎寄精肉店,8046,0,ﾌﾞﾀｶﾀﾛｰｽｽﾗｲｽ,豚肩ﾛｰｽｽﾗｲｽ100g,豚肩ﾛｰｽ,221,218,180
20,精肉・加工肉,79,騎寄精肉店,8046,1,ﾌﾞﾀｶﾀﾛｰｽｽﾗｲｽ,豚肩ﾛｰｽｽﾗｲｽ100g,豚肩ﾛｰｽ,221,248,175
50,ディリー食品,105,全日食(和日配）,8045,0,ｶﾗｼﾄｳﾌ,ｷﾞﾄｰ食品からしとうふ,からし豆腐,512,180,130
100,バラエティー,90,クスリのアオキ,8044,0,ﾊﾟｲﾌﾟﾊｲﾀｰ,花王ﾊﾟｲﾌﾟﾊｲﾀｰ高粘度500g,ﾊﾟｲﾌﾟﾊｲﾀｰ,1022,258,198
90,酒類,30,日本酒販㈱金沢支店,8043,0,ﾁｮｰﾔﾊﾁﾐﾂｼｿ,ﾁｮｰﾔ梅酒自然ﾊﾁﾐﾂ&ｼｿ325ml,ﾊﾁﾐﾂｼｿ,990,600,447
90,酒類,30,日本酒販㈱金沢支店,8043,1,ﾁｮｰﾔﾊﾁﾐﾂｼｿ,ﾁｮｰﾔ梅酒自然ﾊﾁﾐﾂ&ｼｿ325ml,ﾊﾁﾐﾂｼｿ,990,580,447
90,酒類,30,日本酒販㈱金沢支店,8042,0,ﾁｮｰﾔﾊﾁﾐﾂ,ﾁｮｰﾔ梅酒自然想ﾊﾁﾐﾂ325ml,はちみつ,990,600,447
90,酒類,30,日本酒販㈱金沢支店,8042,1,ﾁｮｰﾔﾊﾁﾐﾂ,ﾁｮｰﾔ梅酒自然想ﾊﾁﾐﾂ325ml,はちみつ,990,580,447
90,酒類,30,日本酒販㈱金沢支店,8041,0,ﾏﾝｻｲﾗｸ,萬歳樂爽ﾔｶ生貯蔵酒300ml,萬歳樂,921,348,284
60,冷凍食品,65,井村屋(アイス),8040,0,ﾓﾓﾎﾞｰﾙ,井村屋ﾓﾓﾎﾞｰﾙ170ml,ﾓﾓﾎﾞｰﾙ,1671,108,71.89
60,冷凍食品,65,井村屋(アイス),8039,0,ｽｲｶﾎﾞｰﾙ,井村屋ｽｲｶﾎﾞｰﾙ170ml,ｽｲｶﾎﾞｰﾙ,1671,108,71.89
70,ドライ食品,107,全日食(ドライ),8038,0,ｺﾞｰﾙﾄﾞﾌﾞﾚﾝﾄﾞｱﾏｻﾋｶｴﾒ,ｺﾞｰﾙﾄﾞﾌﾞﾚﾝﾄﾞ甘ﾋｶｴﾒ900ml,ｺﾞｰﾙﾄﾞ甘,741,148,110
70,ドライ食品,107,全日食(ドライ),8038,1,ｺﾞｰﾙﾄﾞﾌﾞﾚﾝﾄﾞｱﾏｻﾋｶｴﾒ,ｺﾞｰﾙﾄﾞﾌﾞﾚﾝﾄﾞ甘ﾋｶｴﾒ900ml,ｺﾞｰﾙﾄﾞ甘,741,152,110
70,ドライ食品,107,全日食(ドライ),8038,2,ｺﾞｰﾙﾄﾞﾌﾞﾚﾝﾄﾞｱﾏｻﾋｶｴﾒ,ｺﾞｰﾙﾄﾞﾌﾞﾚﾝﾄﾞ甘ﾋｶｴﾒ900ml,ｺﾞｰﾙﾄﾞ甘,741,138,110
70,ドライ食品,107,全日食(ドライ),8037,0,ｺﾞｰﾙﾄﾞﾌﾞﾚﾝﾄﾞﾑﾄｳ,ﾈｽﾚｺﾞｰﾙﾄﾞﾌﾞﾚﾝﾄﾞ無糖900ml,ｺﾞｰﾙﾄﾞ無糖,741,148,110
70,ドライ食品,107,全日食(ドライ),8037,1,ｺﾞｰﾙﾄﾞﾌﾞﾚﾝﾄﾞﾑﾄｳ,ﾈｽﾚｺﾞｰﾙﾄﾞﾌﾞﾚﾝﾄﾞ無糖900ml,ｺﾞｰﾙﾄﾞ無糖,741,152,110
70,ドライ食品,107,全日食(ドライ),8037,2,ｺﾞｰﾙﾄﾞﾌﾞﾚﾝﾄﾞﾑﾄｳ,ﾈｽﾚｺﾞｰﾙﾄﾞﾌﾞﾚﾝﾄﾞ無糖900ml,ｺﾞｰﾙﾄﾞ無糖,741,138,110
70,ドライ食品,107,全日食(ドライ),8036,0,ﾀﾆﾀｶﾝｼｭｳｹﾞﾝｴﾝﾐｿｼﾙ,ﾀﾆﾀ監修減塩野菜ﾐｿ汁6食,みそ汁,713,198,150
80,菓子・パン,108,全日食(ﾊﾟﾝ・菓子),8035,0,ｻﾔｴﾝﾄﾞｳ,ｶﾙﾋﾞｰさやえんどうしお味,さやえんど,813,94,70
80,菓子・パン,18,敷島製パン　株式会社,8034,0,ｸﾛﾜｯｻﾝﾌﾗﾝｽﾚｰｽﾞﾝ,ｸﾛﾜｯｻﾝﾌﾗﾝｽﾚｰｽﾞﾝ1袋,ｸﾛﾜｯｻﾝ,842,100,75.6
50,ディリー食品,38,ﾓﾝﾃｰﾙ,8033,0,ﾊﾟﾘﾊﾟﾘﾌﾟﾁｴｸﾚｱ,4P森永ﾊﾟﾘﾊﾟﾘﾌﾟﾁｴｸﾚｱ,ｴｸﾚｱ,577,148,108
50,ディリー食品,1,森永乳業,8032,0,ﾌﾝﾜﾘﾎｲｯﾌﾟ,ﾌﾝﾜﾘﾎｲｯﾌﾟ宇治抹茶100g,ふんわり,573,78,55.25
20,精肉・加工肉,102,全日食(精肉･加工肉),8031,0,ｱﾝﾃｨ ﾚﾓﾝ&ﾊﾟｾﾘ120g,日ﾊﾑｱﾝﾃｨｴ ﾚﾓﾝ&ﾊﾟｾﾘ120g,ｱﾝﾃｨｴ,271,348,250
10,青果物,21,㈱グリーンネット,8030,0,ﾁﾝｹﾞﾝｻｲ,ちんげん菜1株,ちんげん菜,112,75,55
50,ディリー食品,4,カゴメ株式会社　金沢支店,8029,0,ﾔｻｲｾｲｶﾂ*12,野菜生活(ｵﾘｼﾞﾅﾙ)200ml*12,野菜生活,573,888,804
10,青果物,33,江口青果株式会社,8028,0,ﾀｹﾉｺ,たけのこ,たけのこ,113,468,350
70,ドライ食品,9999,その他,8027,0,ﾇｶ,四季の花竹の子あく出ぬか,ぬか,739,126,94
50,ディリー食品,106,全日食(洋日配),8026,0,ﾔｻｲ&ﾌﾙｰﾂ,雪印野菜Days野菜ﾌﾙｰﾂ1L,野菜&ﾌﾙｰﾂ,574,178,128
70,ドライ食品,107,全日食(ドライ),8025,0,ﾔﾏｷﾄﾘｼｵﾂｹｳﾄﾞﾝ,ﾔﾏｷ鶏塩つけうどんつゆ2食,鶏塩,739,168,125
50,ディリー食品,15,有限会社　牧成舎　　　　,8024,0,ｵｲｼｲﾉﾑY,牧成舎おいしい飲むY180ml,おいしいの,575,130,65
50,ディリー食品,105,全日食(和日配）,8023,0,ｻﾂﾏｱｹﾞ,一正素材いかしたさつま揚,さつまあげ,516,185,136
50,ディリー食品,105,全日食(和日配）,8022,0,ｻﾞﾙﾗｰﾒﾝ,石川製麺ざるﾗｰﾒﾝ生2食,ざるらーめ,511,115,85
90,酒類,30,日本酒販㈱金沢支店,8021,0,ﾎﾛﾖｲ,ﾁｭｰﾊｲほろよい白ｻﾜｰ350ml,ほろよい,939,120,97
90,酒類,30,日本酒販㈱金沢支店,8021,1,ﾎﾛﾖｲ,ﾁｭｰﾊｲほろよい白ｻﾜｰ350ml,ほろよい,939,108,97
90,酒類,30,日本酒販㈱金沢支店,8020,0,ﾏｯｺﾘ,眞露JINROﾏｯｺﾘ1000ml,まっこり,922,580,367
70,ドライ食品,107,全日食(ドライ),8019,0,ﾁｬﾂﾞｹ,白子茶漬ﾌﾟﾚﾐｱﾑわさび3袋,茶漬け,713,128,98
70,ドライ食品,107,全日食(ドライ),8018,0,ﾁｬﾂﾞｹ,白子茶漬ﾌﾟﾚﾐｱﾑ鮭3袋入,茶漬け,713,128,98
70,ドライ食品,90,クスリのアオキ,8017,0,ｺﾞﾎﾞｳｽｰﾌﾟ,永)ｺﾞﾎﾞｳ1/3ﾁｶﾗｽｰﾌﾟ3入,ごぼうｽｰﾌﾟ,739,118,88
80,菓子・パン,108,全日食(ﾊﾟﾝ・菓子),8016,0,ﾋﾞｽｺ,江崎ｸﾞﾘｺﾋﾞｽｺ24枚入,ﾋﾞｽｺ,811,194,146
80,菓子・パン,108,全日食(ﾊﾟﾝ・菓子),8015,0,ﾌﾞﾙﾎﾞﾝＹﾃﾞｻﾞｰﾄｱﾛｴ160ｇ,ﾌﾞﾙﾎﾞﾝＹﾃﾞｻﾞｰﾄｱﾛｴ160ｇ,ﾌﾞﾙﾎﾞﾝ,845,98,73
80,菓子・パン,18,敷島製パン　株式会社,8014,0,ｸﾞﾗﾉｰﾗﾜｯﾌﾙ,ﾌﾙｰﾂｸﾞﾗﾉｰﾗﾜｯﾌﾙﾁｮｺ3個入,ﾜｯﾌﾙ,843,198,151.2
80,菓子・パン,18,敷島製パン　株式会社,8013,0,｣ｼｭｰﾛｰﾙ,おいしいｼｭｰRﾍﾞﾙｷﾞｰﾁｮｺ,しゅR,843,98,69.3
80,菓子・パン,18,敷島製パン　株式会社,8012,0,ﾌﾞﾘｵｯｼｭ,ﾀﾞﾌﾞﾙﾐﾙｸｸﾘｰﾑﾌﾞﾘｵｯｼｭ,ﾌﾞﾘｵｯｼｭ,843,105,75.6
80,菓子・パン,18,敷島製パン　株式会社,8012,1,ﾌﾞﾘｵｯｼｭ,ﾀﾞﾌﾞﾙﾐﾙｸｸﾘｰﾑﾌﾞﾘｵｯｼｭ,ﾌﾞﾘｵｯｼｭ,843,100,75.6
50,ディリー食品,38,ﾓﾝﾃｰﾙ,8011,0,ﾃﾏｷｸﾚｰﾌﾟ,手巻ｸﾚｰﾌﾟﾁｰｽﾞ&ﾌﾞﾙｰﾍﾞﾘｰ,ｸﾚｰﾌﾟ,577,108,78
50,ディリー食品,2,明治乳業㈱　北陸事業所,8010,0,ﾌﾞﾙｶﾞﾘｱﾑﾄﾞﾘﾉﾌﾙｰﾂ,ﾌﾞﾙｶﾞﾘｱ飲Ｙ緑ﾌﾙｰﾂ190g,緑ﾌﾙｰﾂ,575,98,73
50,ディリー食品,2,明治乳業㈱　北陸事業所,8009,0,ﾑﾗｻｷﾌﾙｰﾂ,ﾌﾞﾙｶﾞﾘｱ飲Ｙ紫ﾌﾙｰﾂ190g,紫ﾌﾙｰﾂ,575,98,73
20,精肉・加工肉,102,全日食(精肉･加工肉),8008,0,ﾅﾏﾊﾑ,日ﾊﾑ便利ﾛｰｽ生ﾊﾑ17g*3,生ﾊﾑ,271,278,195
20,精肉・加工肉,79,騎寄精肉店,8007,0,ﾜｶﾄﾘｶﾜ,国産若鶏皮100g,若鶏皮,231,89,54
30,鮮魚・塩干魚,116,七尾魚市場,8006,0,ﾌｸﾞｲﾁﾔﾎｼ,ふぐ一夜干し4入,ふぐ一夜,341,348,260
30,鮮魚・塩干魚,116,七尾魚市場,8006,1,ﾌｸﾞｲﾁﾔﾎｼ,ふぐ一夜干し4入,ふぐ一夜,341,358,260
30,鮮魚・塩干魚,116,七尾魚市場,8006,2,ﾌｸﾞｲﾁﾔﾎｼ,ふぐ一夜干し4入,ふぐ一夜,341,325,260
10,青果物,33,江口青果株式会社,8005,0,ﾌｼﾞｵｵﾀﾞﾏ,ふじ秀大玉1ヶ,ふじ大玉,121,198,150
50,ディリー食品,105,全日食(和日配）,8004,0,ﾎﾈｹﾞﾝｷ,金ﾂﾌﾞ納豆骨元気国産小粒3,ほねげんき,513,85,72
50,ディリー食品,105,全日食(和日配）,8004,1,ﾎﾈｹﾞﾝｷ,金ﾂﾌﾞ納豆骨元気国産小粒3,ほねげんき,513,105,72
50,ディリー食品,105,全日食(和日配）,8004,2,ﾎﾈｹﾞﾝｷ,金ﾂﾌﾞ納豆骨元気国産小粒3,ほねげんき,513,90,72
10,青果物,33,江口青果株式会社,8003,0,ﾀｹﾉｺ,たけのこ大1本,たけのこ,113,890,800
70,ドライ食品,9999,その他,8002,0,ﾆﾎﾞｼ,ｻｶﾓﾄ熟成にぼし450g,煮干し,711,573,498
70,ドライ食品,9999,その他,8001,0,ﾌｼﾞｯｺﾍﾞﾝﾘﾀﾞｲ,ふじっこべんりだし,べんりだし,711,475,358
100,バラエティー,111,全日食(バラエティ）,8000,0,ｱｰｽｼﾞｪｯﾄ,ｱｰｽｼﾞｪｯﾄ450ml,ｱｰｽｼﾞｪｯﾄ,1040,348,275
100,バラエティー,111,全日食(バラエティ）,8000,1,ｱｰｽｼﾞｪｯﾄ,ｱｰｽｼﾞｪｯﾄ450ml,ｱｰｽｼﾞｪｯﾄ,1040,298,275
70,ドライ食品,107,全日食(ドライ),7999,0,ｲﾜｼﾐｿﾆ,日本水産いわし味噌煮,いわし味噌,714,148,112
70,ドライ食品,107,全日食(ドライ),7998,0,ｼｼﾞﾐ,ﾏﾙｺﾒ料亭の味しじみ6食,しじみ,713,198,150
80,菓子・パン,18,敷島製パン　株式会社,7997,0,ｸﾙﾐチーズｸﾙﾐﾊﾟﾝ,くるみﾁｰｽﾞちぎりぱん,くるみぱん,843,105,75.6
80,菓子・パン,18,敷島製パン　株式会社,7996,0,ﾑｼｹｰｷ,北海道ﾒﾛﾝ蒸しｹｰｷ,蒸しｹｰｷ,843,105,75.6
50,ディリー食品,1,森永乳業,7995,0,TBCﾌﾟﾙｰﾝﾓﾓ,TBC鉄分ﾌﾟﾙｰﾝ&桃330ml*12,ﾌﾟﾙｰﾝﾓﾓ,573,1200,900
50,ディリー食品,1,森永乳業,7994,0,TBCﾃﾂﾌﾞﾝ,TBC鉄分ﾌﾟﾙｰﾝ&桃330ml,ﾌﾟﾙｰﾝ桃,573,108,75
50,ディリー食品,1,森永乳業,7993,0,ﾕﾌﾞﾊﾁﾐﾂ,TBCﾛｰﾔﾙｾﾞﾘｰゆずﾊﾁﾐﾂ*12本,ﾕｽﾞﾊﾁﾐﾂ,573,1200,900
50,ディリー食品,1,森永乳業,7992,0,TBCｱｯﾌﾟﾙﾋﾟｰﾁ,TBCｱｯﾌﾟﾙ&ﾋﾟｰﾁ330m*12本,ｱｯﾌﾟﾙﾋﾟｰﾁ,573,1200,900
70,ドライ食品,107,全日食(ドライ),7991,0,ｼﾛﾀﾞｼ,ﾔﾏｷ割烹白だし400ml,白だし,731,298,235
70,ドライ食品,107,全日食(ドライ),7991,1,ｼﾛﾀﾞｼ,ﾔﾏｷ割烹白だし400ml,白だし,731,328,235
20,精肉・加工肉,102,全日食(精肉･加工肉),7990,0,ﾎｳｼﾞｭﾝﾊﾝﾊﾞｰｸﾞ,日ﾊﾑﾊﾝﾊﾞｰｸﾞ豊潤ﾃﾞﾐｸﾞﾗｽ,ﾊﾝﾊﾞｰｸﾞ,299,268,195
50,ディリー食品,105,全日食(和日配）,7989,0,ｼｲﾀｹｺﾝﾌﾞ,ｶﾈﾊﾂ健者減塩椎茸昆布50g,椎茸昆布,518,110,82
50,ディリー食品,105,全日食(和日配）,7988,0,ｼｿｺﾝﾌﾞ,ｶﾈﾊﾂ減塩健者しそ昆布50g,しそこんぶ,518,110,82
50,ディリー食品,105,全日食(和日配）,7988,1,ｼｿｺﾝﾌﾞ,ｶﾈﾊﾂ減塩健者しそ昆布50g,しそこんぶ,518,118,82
50,ディリー食品,105,全日食(和日配）,7987,0,ｷﾝﾄｷﾏﾒ,ｶﾈﾊﾂ低糖健者の金時豆100g,金時豆,518,110,82
50,ディリー食品,105,全日食(和日配）,7986,0,ｺﾝﾌﾞﾏﾒ,ｶﾈﾊﾂ低糖健者の昆布豆120g,昆布豆,518,110,82
50,ディリー食品,105,全日食(和日配）,7986,1,ｺﾝﾌﾞﾏﾒ,ｶﾈﾊﾂ低糖健者の昆布豆120g,昆布豆,518,118,82
50,ディリー食品,105,全日食(和日配）,7985,0,ﾆﾝﾆｸｼｮｳﾕｻﾂﾏｱｹﾞ,堀川ﾆﾝﾆｸ醤油さつま揚3枚,さつま揚,518,168,124
50,ディリー食品,105,全日食(和日配）,7984,0,ﾐｿﾀﾞﾚｻﾂﾏｱｹﾞ,堀川味噌だれさつま揚げ3,さつまあげ,518,168,124
50,ディリー食品,105,全日食(和日配）,7983,0,ﾄｳｺﾛｺｼｱｹﾞ,堀川たっぷりﾄｳﾓﾛｺｼ揚げ,とうもろこ,518,185,136
50,ディリー食品,105,全日食(和日配）,7983,1,ﾄｳｺﾛｺｼｱｹﾞ,堀川たっぷりﾄｳﾓﾛｺｼ揚げ,とうもろこ,518,198,136
50,ディリー食品,105,全日食(和日配）,7983,2,ﾄｳｺﾛｺｼｱｹﾞ,堀川たっぷりﾄｳﾓﾛｺｼ揚げ,とうもろこ,518,170,136
50,ディリー食品,105,全日食(和日配）,7982,0,ﾀｲｲﾘﾁｸﾜ,一正減塩生ｵｲｼｲ鯛入ちくわ,ちくわ,518,118,89
50,ディリー食品,105,全日食(和日配）,7981,0,ｻﾗﾀﾞﾌｧﾐﾘｰ,一正減塩ｻﾗﾀﾞﾌｧﾐﾘｰ52g,ｻﾗﾀﾞﾌｧﾐﾘ,518,118,90
50,ディリー食品,105,全日食(和日配）,7980,0,ｳｼﾞﾏｯﾁｬﾒﾝ,石川老舗宇治抹茶麺生2食,宇治抹茶麺,512,215,160
50,ディリー食品,105,全日食(和日配）,7979,0,ﾄﾛﾛｿﾊﾞ,石川源作ﾄﾛﾛｿﾊﾞ生100g*2,とろろそば,512,215,160
50,ディリー食品,38,ﾓﾝﾃｰﾙ,7978,0,ﾒﾛﾝﾜｯﾌﾙ2P,北海道ﾒﾛﾝﾜｯﾌﾙ2P,ﾒﾛﾝﾜｯﾌﾙ2P,577,88,71
50,ディリー食品,38,ﾓﾝﾃｰﾙ,7977,0,ｿﾌﾄﾃﾏｷﾛｰﾙ,北海道ｿﾌﾄ手巻ﾛｰﾙ2P,手巻ﾛｰﾙ,577,88,75
100,バラエティー,126,amazon,7976,0,ﾄﾞﾗｲﾔｰ,ﾊﾟﾅｿﾆｯｸﾍｱｰﾄﾞﾗｲﾔｰ,ﾄﾞﾗｲﾔｰ,1040,2600,1708.34
981,お試しｾｯﾄ,9999,その他,7975,0,ｵﾀﾒｼｾｯﾄ,お試し3点500円ｾｯﾄ,お試しｾｯﾄ,9999,463,642
60,冷凍食品,64,森永(アイス),7974,0,ﾐﾙｸｺｺｱｱｲｽﾊﾞｰ,ﾐﾙｸｺｺｱｱｲｽﾊﾞｰ6本入,ｺｺｱﾊﾞｰ,1672,158,140
80,菓子・パン,108,全日食(ﾊﾟﾝ・菓子),7973,0,ｺｸｳﾏﾁｷﾝ6ﾌｸﾛ,ﾍﾞﾋﾞｰｽﾀｰｺｸうまﾁｷﾝ6袋,ｺｸうまﾁｷﾝ,811,189,143
50,ディリー食品,105,全日食(和日配）,7972,0,ｻﾝｹﾞﾝﾄﾝｼｭｳﾏｲ,楽陽三元豚焼売12粒,三元豚焼売,518,215,160
50,ディリー食品,105,全日食(和日配）,7971,0,ｻﾝｹﾞﾝﾄﾝｷﾞｮｳｻﾞ,楽陽三元豚餃子12粒,三元豚餃子,518,215,160
100,バラエティー,126,amazon,7970,0,ﾌﾗｲﾊﾟﾝ,T－ｆａｌﾌﾗｲﾊﾟﾝ25㌢,ﾌﾗｲﾊﾟﾝ,1040,3200,2323.15
90,酒類,30,日本酒販㈱金沢支店,7969,0,ｲｲﾁｺ,いいちこｶｯﾌﾟ乙20°200ml,いいちこ,932,189,152
100,バラエティー,111,全日食(バラエティ）,7968,0,ｼｮｸﾌﾞﾂﾓﾉｶﾞﾀﾘｹｼｮｳｾｯｹﾝ,ﾗｲｵﾝ植物物語化粧石鹸90g,植物物語,1019,89,62
80,菓子・パン,18,敷島製パン　株式会社,7967,0,ｱﾗﾋﾞｷﾁｮﾘｿｰｿｰｾｰｼﾞ,あらびきﾁｮﾘｿｰｿｰｾｰｼﾞ,ﾁｮﾘｿｰ,842,89,69.3
70,ドライ食品,107,全日食(ドライ),7966,0,ﾐﾄﾞﾘﾉﾏﾒﾀﾇｷ,ﾏﾙちゃん緑の豆たぬき45g,豆たぬき,713,89,74
90,酒類,30,日本酒販㈱金沢支店,7965,0,ﾉﾄﾞｺﾞｼｵｰﾙﾗｲﾄ350*24,ｷﾘﾝのどごしｵｰﾙﾗｲﾄ350*24,ｵｰﾙﾗｲﾄ,911,2598,2328
90,酒類,30,日本酒販㈱金沢支店,7965,1,ﾉﾄﾞｺﾞｼｵｰﾙﾗｲﾄ350*24,ｷﾘﾝのどごしｵｰﾙﾗｲﾄ350*24,ｵｰﾙﾗｲﾄ,911,2598,2328
100,バラエティー,90,クスリのアオキ,7964,0,ﾐﾁｶﾞｳｴﾙﾄｲﾚｸﾘｰﾅｰ,ﾐﾁｶﾞｴﾙﾄｲﾚｸﾘｰﾅｰ10枚*2袋,ﾄｲﾚｸﾘｰﾅｰ,1019,248,198
90,酒類,30,日本酒販㈱金沢支店,7963,0,ｵｳｻﾏﾉﾅﾐﾀﾞｼﾛ,王様の涙 白750ml,王様の涙白,942,648,356
60,冷凍食品,65,井村屋(アイス),7962,0,ﾔﾜﾓﾁﾊｸﾄｳ,井村屋やわもち2種*2個ｾｯﾄ,白桃,1671,298,228
80,菓子・パン,18,敷島製パン　株式会社,7961,0,ｵｲｼｲｷﾞｭｳﾆｭｳﾊﾟﾝ,おいしい牛乳ﾊﾟﾝ,おいしい牛,843,135,100.8
80,菓子・パン,18,敷島製パン　株式会社,7960,0,ｼｭｰﾛｰﾙﾉｳｺｳﾐﾙｸ,おいしいｼｭｰﾛｰﾙ濃厚ﾐﾙｸ,ｼｭｰﾛｰﾙ,843,98,69.3
80,菓子・パン,18,敷島製パン　株式会社,7959,0,ﾖﾓｷﾞﾑｼﾊﾟﾝ,ﾓﾁっと食感よもぎ蒸しぱん,よもぎ蒸ﾊﾟ,843,105,75.6
50,ディリー食品,36,ロピア,7958,0,ﾌﾟﾁｲﾁｺﾞﾓﾝﾌﾞﾗﾝ,ﾌﾟﾁいちごﾓﾝﾌﾞﾗﾝ,苺ﾓﾝﾌﾞﾗﾝ,577,108,75
50,ディリー食品,1,森永乳業,7957,0,ﾌﾙｰﾂﾐｯｸｽ*12,MSKﾌﾙｰﾂﾐｯｸｽ200ml*12本,SM*12,573,720,564
70,ドライ食品,107,全日食(ドライ),7956,0,ﾜｻﾋﾞｺﾞﾏﾀﾞﾚ,ｶﾒﾔわさびごまだれ200g,ごまだれ,732,438,332
70,ドライ食品,107,全日食(ドライ),7956,1,ﾜｻﾋﾞｺﾞﾏﾀﾞﾚ,ｶﾒﾔわさびごまだれ200g,ごまだれ,732,428,332
20,精肉・加工肉,102,全日食(精肉･加工肉),7955,0,ｸﾞﾘｰﾝﾏｰｸﾛｰｽﾊﾑ,信州ﾊﾑｸﾞﾘｰﾝﾏｰｸﾛｰｽﾊﾑ60g,ろーすはむ,271,268,195
50,ディリー食品,105,全日食(和日配）,7954,0,ｴﾀﾞﾏﾒﾄｳﾌ,ｷﾞﾄｰえだまめ豆腐120g*2,えだまめ豆,512,128,98
50,ディリー食品,105,全日食(和日配）,7954,1,ｴﾀﾞﾏﾒﾄｳﾌ,ｷﾞﾄｰえだまめ豆腐120g*2,えだまめ豆,512,131,98
50,ディリー食品,105,全日食(和日配）,7954,2,ｴﾀﾞﾏﾒﾄｳﾌ,ｷﾞﾄｰえだまめ豆腐120g*2,えだまめ豆,512,110,98
40,デリカ,29,志のぶ商事㈱北陸支店,7953,0,ﾖｳｼｮｸﾍﾞﾝﾄｳ,しのぶ洋食弁当,洋食弁当,413,438,312.8
50,ディリー食品,105,全日食(和日配）,7952,0,ﾈｷﾞｼｵﾎﾙﾓﾝｱｹﾞ,ｽｷﾞﾖ男のｵﾂﾏﾐﾈｷﾞ塩ﾎﾙﾓﾝ揚,ﾎﾙﾓﾝ揚げ,518,178,132
50,ディリー食品,105,全日食(和日配）,7951,0,ﾄﾘﾅﾝｺﾂｱｹﾞ,ｽｷﾞﾖ男のｵﾂﾏﾐ鶏ﾅﾝｺﾂ揚100g,鶏ﾅﾝｺﾂ揚,518,178,132
50,ディリー食品,105,全日食(和日配）,7950,0,ｲｶﾄｴﾀﾞﾏﾒｱｹﾞ,ｽｷﾞﾖ男のｵﾂﾏﾐｲｶ枝豆揚115g,ｲｶ枝豆揚,518,178,132
50,ディリー食品,105,全日食(和日配）,7949,0,ﾌﾟﾁﾁｸﾜｴﾀﾞﾏﾒ7ｺ,堀川ぷちちく枝豆7個,ﾌﾟﾁﾁｸﾜ,518,128,95
50,ディリー食品,105,全日食(和日配）,7948,0,ﾌﾟﾁﾁｸﾜｼｿ7ｺ,堀川ぷちちくしそ7個,ちくわしそ,518,128,95
50,ディリー食品,105,全日食(和日配）,7947,0,ﾌﾟﾁﾁｸﾜｻｸﾗ7ｺ,堀川ぷちちく桜7個,ﾌﾟﾁﾁｸﾜ7個,518,128,95
50,ディリー食品,105,全日食(和日配）,7946,0,ﾄﾛｹﾙﾁｰｽﾞｲﾝｻﾂﾏ,ｽｷﾞﾖとろけるﾁｰｽﾞinさつま,ﾁｰｽﾞｲﾝ,518,228,172
10,青果物,33,江口青果株式会社,7945,0,ﾌｷ,ふき1束,ふき,119,198,150
10,青果物,33,江口青果株式会社,7945,1,ﾌｷ,ふき1束,ふき,119,163,150
20,精肉・加工肉,102,全日食(精肉･加工肉),7944,0,ｶﾙｲｻﾞﾜﾍﾞｰｺﾝ,爽ﾔｶ軽井沢熟成ﾍﾞｰｺﾝ110g,ﾍﾞｰｺﾝ,271,340,270
20,精肉・加工肉,102,全日食(精肉･加工肉),7943,0,ﾅﾏﾊﾑ,ﾌﾟﾘﾏ十勝ｸﾞﾙﾒ便り生ﾊﾑ100g,生ハム,271,340,245
20,精肉・加工肉,102,全日食(精肉･加工肉),7943,1,ﾅﾏﾊﾑ,ﾌﾟﾘﾏ十勝ｸﾞﾙﾒ便り生ﾊﾑ100g,生ハム,271,348,245
70,ドライ食品,26,×ｶﾅｶﾝ㈱七尾支店食品,7942,0,ｴｰｽｺｯｸﾜﾝﾀﾝﾒﾝｶｯﾌﾟ,ｴｰｽｺｯｸﾜﾝﾀﾝﾒﾝｶｯﾌﾟ12入,ﾜﾝﾀﾝﾒﾝ,712,2040,1524
20,精肉・加工肉,79,騎寄精肉店,7941,0,ﾌﾞﾀｺﾏﾆｸ250g,国産豚小間肉250g,豚小間肉,221,340,250
20,精肉・加工肉,79,騎寄精肉店,7941,1,ﾌﾞﾀｺﾏﾆｸ250g,国産豚小間肉250g,豚小間肉,221,340,256
60,冷凍食品,64,森永(アイス),7940,0,ﾊﾞﾆﾗ&ﾁｮｺ,森永 ﾊﾞﾆﾗ&ﾁｮｺ(ﾏﾙﾁ),ﾊﾞﾆﾗ&ﾁｮｺ,1672,178,145
60,冷凍食品,64,森永(アイス),7940,1,ﾊﾞﾆﾗ&ﾁｮｺ,森永 ﾊﾞﾆﾗ&ﾁｮｺ(ﾏﾙﾁ),ﾊﾞﾆﾗ&ﾁｮｺ,1672,198,145
60,冷凍食品,64,森永(アイス),7940,2,ﾊﾞﾆﾗ&ﾁｮｺ,森永 ﾊﾞﾆﾗ&ﾁｮｺ(ﾏﾙﾁ),ﾊﾞﾆﾗ&ﾁｮｺ,1672,280,145
100,バラエティー,126,amazon,7939,0,ｷｯﾁﾝｽｹｰﾙ,ｷｯﾁﾝｽｹｰﾙ,ｷｯﾁﾝｽｹ,1040,2500,1615.74
50,ディリー食品,105,全日食(和日配）,7937,0,ﾀｲｲﾘﾏﾒｶﾏｱｶ,一正 鯛入まめかま赤80g,鯛まめかま,516,128,95
50,ディリー食品,105,全日食(和日配）,7937,1,ﾀｲｲﾘﾏﾒｶﾏｱｶ,一正 鯛入まめかま赤80g,鯛まめかま,516,138,95
50,ディリー食品,105,全日食(和日配）,7937,2,ﾀｲｲﾘﾏﾒｶﾏｱｶ,一正 鯛入まめかま赤80g,鯛まめかま,516,120,95
80,菓子・パン,108,全日食(ﾊﾟﾝ・菓子),7936,0,ｸｧﾂｷｻｷｲｶ,なとり皮付きさきいか27g,さきいか,819,100,72
100,バラエティー,90,クスリのアオキ,7935,0,ｸﾞﾘｰﾝL,ｴｽﾃｰうす手指先強化ｸﾞﾘｰﾝL,ｸﾞﾘｰﾝL,1030,128,98
100,バラエティー,90,クスリのアオキ,7934,0,ﾋﾟﾝｸM,ｴｽﾃｰうす手指先強化ﾋﾟﾝｸM,ﾋﾟﾝｸM,1030,128,98
50,ディリー食品,41,高澤醸造株式会社,7933,0,ｺﾞﾏﾐｿ,高澤能登の味ごまみそ130g,ごまみそ,518,198,135
70,ドライ食品,107,全日食(ドライ),7932,0,ﾀｹﾉｺｺﾝﾌﾞ,ﾔﾏﾅｶﾌｰｽﾞたけのこ昆布35g,たけのこ昆,711,178,124
80,菓子・パン,18,敷島製パン　株式会社,7931,0,ﾁｮｳｼﾞｭｸｺｸｻﾝｺﾑｷﾞ6,ﾊﾟｽｺ超熟国産小麦⑥,国産小麦⑥,841,238,163.8
80,菓子・パン,18,敷島製パン　株式会社,7931,1,ﾁｮｳｼﾞｭｸｺｸｻﾝｺﾑｷﾞ6,ﾊﾟｽｺ超熟国産小麦⑥,国産小麦⑥,841,228,163.8
80,菓子・パン,18,敷島製パン　株式会社,7930,0,ﾁｮｳｼﾞｭｸｺｸｻﾝｺﾑｷﾞ5,ﾊﾟｽｺ超熟国産小麦⑤,国産小麦⑤,841,238,163.8
80,菓子・パン,18,敷島製パン　株式会社,7930,1,ﾁｮｳｼﾞｭｸｺｸｻﾝｺﾑｷﾞ5,ﾊﾟｽｺ超熟国産小麦⑤,国産小麦⑤,841,228,163.8
80,菓子・パン,18,敷島製パン　株式会社,7929,0,ﾓﾁｯﾄﾛｰﾙﾏｯﾁｬｱｽﾞｷ,もちっとﾛｰﾙ抹茶あずき,もちっとﾛｰ,843,105,75.6
80,菓子・パン,18,敷島製パン　株式会社,7928,0,ｳｻｷﾞﾉﾎｯﾍﾟ,うさぎのほっぺｲﾁｺﾞ&ﾎｲｯﾌﾟ,ｳｻｷﾞﾎｯﾍﾟ,843,105,75.6
80,菓子・パン,18,敷島製パン　株式会社,7927,0,ｼｭｰﾃﾞﾆｯｼｭｸﾘｰﾑ&ﾚｰｽﾞﾝｹｰｷ,ｼｭｰﾃﾞﾆｯｼｭｸﾘｰﾑ&ﾚｰｽﾞﾝｹｰｷ,ﾚｰｽﾞﾝｹｰｷ,843,118,81.9
50,ディリー食品,36,ロピア,7926,0,ｺﾞﾎｳﾋﾞﾉﾌﾟﾘﾝｹｰｷ,ﾛﾋﾟｱごほうびのﾌﾟﾘﾝｹｰｷﾀﾞﾖ,ﾌﾟﾘﾝｹｰｷ,576,158,117
50,ディリー食品,36,ロピア,7925,0,ｱﾝﾆﾝﾄｳﾌ,みるくみるくな杏仁豆腐,杏仁豆腐,576,98,69
50,ディリー食品,1,森永乳業,7924,0,TBCﾋｱﾙﾛﾝｱｯﾌﾟﾙﾋﾟｰﾁ,TBCﾋｱﾙﾛﾝ酸ｱｯﾌﾟﾙ&ﾋﾟｰﾁ330m,ｱｯﾌﾟﾘﾋﾟｰﾁ,573,108,75
50,ディリー食品,2,明治乳業㈱　北陸事業所,7923,0,ﾏｯﾁｬﾗﾃ,明治辻利かほり抹茶ﾗﾃ430m,抹茶ﾗﾃ,573,128,90
50,ディリー食品,2,明治乳業㈱　北陸事業所,7922,0,ﾌﾟﾛﾋﾞｵYPA-3,明治ﾌﾟﾛﾋﾞｵﾖｰｸﾞﾙﾄPA-3,ﾌﾟﾛﾋﾞｵY,575,123,77.8
50,ディリー食品,106,全日食(洋日配),7921,0,ｶｯﾃｰｿﾞﾁｰｽﾞ,雪印ｶｯﾃｰｼﾞﾁｰｽﾞ100g,ｶｯﾃｰｼﾞﾁｰｽﾞ,578,228,174
50,ディリー食品,106,全日食(洋日配),7921,1,ｶｯﾃｰｿﾞﾁｰｽﾞ,雪印ｶｯﾃｰｼﾞﾁｰｽﾞ100g,ｶｯﾃｰｼﾞﾁｰｽﾞ,578,248,174
50,ディリー食品,105,全日食(和日配）,7920,0,ﾔﾏｳﾋﾟﾘｶﾗﾂﾎﾞﾂﾞｹﾄﾚｰ,やまうﾋﾟﾘ辛つぼ漬ﾄﾚｰ80g,つぼ漬ﾄﾚ,515,110,82
50,ディリー食品,105,全日食(和日配）,7919,0,ﾁｭｳｶﾒｲｻｲ,日本ﾊﾑ中華名菜回鍋肉230g,中華名菜,518,298,225
10,青果物,33,江口青果株式会社,7918,0,ｺｺﾞﾐ1ﾀﾊﾞ,こごみ1束,こごみ,112,398,300
10,青果物,33,江口青果株式会社,7917,0,ﾀﾗﾉﾒ,たらの芽1ﾊﾟｯｸ,たらのめ,119,528,400
10,青果物,33,江口青果株式会社,7917,1,ﾀﾗﾉﾒ,たらの芽1ﾊﾟｯｸ,たらのめ,119,468,350
10,青果物,33,江口青果株式会社,7916,0,ﾜﾗﾋﾞ,わらび1束,わらび,119,330,250
10,青果物,33,江口青果株式会社,7916,1,ﾜﾗﾋﾞ,わらび1束,わらび,119,268,200
20,精肉・加工肉,102,全日食(精肉･加工肉),7915,0,ﾆｭｰﾊﾞｰｶﾞｰ,丸大食品ﾆｭｰﾊﾞｰｶﾞｰ144g,ﾆｭｰﾊﾞｰｶﾞｰ,271,100,75
30,鮮魚・塩干魚,116,七尾魚市場,7914,0,ﾏﾙﾔﾅﾏﾜｶﾒ,ﾏﾙﾔ新もの生ﾜｶﾒ300g中国産,生わかめ,347,89,65
10,青果物,33,江口青果株式会社,7913,0,ﾌｼﾞﾁｭｳﾀﾞﾏ1ｺ,ふじ秀中玉1個,ふじ中玉,121,135,100
10,青果物,33,江口青果株式会社,7913,1,ﾌｼﾞﾁｭｳﾀﾞﾏ1ｺ,ふじ秀中玉1個,ふじ中玉,121,125,100
10,青果物,33,江口青果株式会社,7913,2,ﾌｼﾞﾁｭｳﾀﾞﾏ1ｺ,ふじ秀中玉1個,ふじ中玉,121,153,115
10,青果物,33,江口青果株式会社,7913,3,ﾌｼﾞﾁｭｳﾀﾞﾏ1ｺ,ふじ秀中玉1個,ふじ中玉,121,160,120
10,青果物,33,江口青果株式会社,7913,4,ﾌｼﾞﾁｭｳﾀﾞﾏ1ｺ,ふじ秀中玉1個,ふじ中玉,121,156,125
10,青果物,33,江口青果株式会社,7913,5,ﾌｼﾞﾁｭｳﾀﾞﾏ1ｺ,ふじ秀中玉1個,ふじ中玉,121,188,140
30,鮮魚・塩干魚,48,竹本商店,7912,0,ｻｼﾐﾓﾘｱﾜｾ(ﾀｲ･ｽﾙﾒｲｶ),刺身盛合(鯛・するめいか),たいするめ,312,368,330
30,鮮魚・塩干魚,48,竹本商店,7911,0,ｻｼﾐﾓﾘｱﾜｾ(ﾀｲ･ｱﾏｴﾋﾞ),刺身盛合せ（たい・甘えび,たい・甘え,312,368,330
10,青果物,33,江口青果株式会社,7910,0,ｱﾏﾅﾂ,甘なつ 中玉1個,甘なつ,121,88,80
10,青果物,33,江口青果株式会社,7910,1,ｱﾏﾅﾂ,甘なつ 中玉1個,甘なつ,121,108,80
10,青果物,33,江口青果株式会社,7910,2,ｱﾏﾅﾂ,甘なつ 中玉1個,甘なつ,121,135,100
10,青果物,33,江口青果株式会社,7910,3,ｱﾏﾅﾂ,甘なつ 中玉1個,甘なつ,121,100,80
10,青果物,33,江口青果株式会社,7910,4,ｱﾏﾅﾂ,甘なつ 中玉1個,甘なつ,121,125,100
60,冷凍食品,64,森永(アイス),7909,0,ﾊﾟﾙﾑﾁｮｺ+ｽﾄﾛﾍﾞﾘｰﾎﾜﾄﾄﾁｮｺ,ﾊﾟﾙﾑﾁｮｺ+ｽﾄﾛﾍﾞﾘｰﾎﾜﾄﾄﾁｮｺ,ﾊﾟﾙﾑ2箱,1672,500,459.24
60,冷凍食品,64,森永(アイス),7908,0,ﾊﾟﾙﾑﾁｮｺ+ﾊﾟﾙﾑｶﾌﾟﾁｰﾉｾｯﾄ,ﾊﾟﾙﾑﾁｮｺ+ﾊﾟﾙﾑｶﾌﾟﾁｰﾉｾｯﾄ,ﾊﾟﾙﾑ2箱,1672,500,459.24
60,冷凍食品,64,森永(アイス),7907,0,ﾊﾟﾙﾑﾁｮｺ*2,ﾊﾟﾙﾑﾁｮｺ＋ﾊﾟﾙﾑﾁｮｺ,ﾊﾟﾙﾑ２個,1672,500,459.24
50,ディリー食品,105,全日食(和日配）,7906,0,ﾓﾘｺﾝﾄｺﾛﾃﾝ,森ｺﾝところてん2BOX三杯酢,ところ天,514,98,88
50,ディリー食品,105,全日食(和日配）,7906,1,ﾓﾘｺﾝﾄｺﾛﾃﾝ,森ｺﾝところてん2BOX三杯酢,ところ天,514,128,88
50,ディリー食品,52,みのり園,7905,0,ﾊｸｻｲｷﾑﾁ,みのり園白菜ｷﾑﾁ200g,白菜ｷﾑﾁ,515,248,198
50,ディリー食品,52,みのり園,7904,0,ﾋﾞｰﾙｶﾗｼﾀﾞｲｺﾝ,みのり園ﾋﾞｰﾙ辛子大根,ﾋﾞｰﾙ辛子,515,248,198
70,ドライ食品,152,山貴,7903,0,ﾆｭｳﾒﾝｽﾏｼﾕｽﾞ4ｼｮｸ,にゅうめんすまし柚子4食,にゅうめん,713,940,658
70,ドライ食品,152,山貴,7902,0,ｻｹﾎｸﾞｼﾆﾎﾝｾｯﾄ,美味 鮭ほぐし2本ｾｯﾄ,鮭ほぐし,714,1600,1050
70,ドライ食品,152,山貴,7902,1,ｻｹﾎｸﾞｼﾆﾎﾝｾｯﾄ,美味 鮭ほぐし2本ｾｯﾄ,鮭ほぐし,714,800,525
50,ディリー食品,15,有限会社　牧成舎　　　　,7901,0,ﾎﾞｸｾｲｼｬｺｰﾋｰ,牧成舎珈琲180ml*2本,珈琲,572,200,126
50,ディリー食品,15,有限会社　牧成舎　　　　,7900,0,ｵｲｼｲﾉﾑY*2,牧)おいしい飲むY180ml*2,飲むY*2,575,260,130
50,ディリー食品,15,有限会社　牧成舎　　　　,7899,0,ﾅﾏｸﾘｰﾑﾖｰｸﾞﾙﾄ,牧）生ｸﾘｰﾑﾖｰｸﾞﾙﾄ90ml*2個,生ｸﾘｰﾑY,575,260,102
50,ディリー食品,15,有限会社　牧成舎　　　　,7898,0,ｵｸﾋｵﾀﾞｷﾞｭｳﾆｭｳ2ﾎﾝ,牧成舎奥飛騨牛乳200ml*2,奥飛騨,571,200,132
70,ドライ食品,107,全日食(ドライ),7897,0,ﾐﾂｶﾝﾘﾝｺﾞｽ,ﾐﾂｶﾝりんご酢500ml,りんご酢,731,255,190
70,ドライ食品,107,全日食(ドライ),7896,0,ｶｯﾌﾟｱｻｹﾞ,永谷園ｶｯﾌﾟあさげ,かっぷあさ,713,100,75
100,バラエティー,47,×ヤマキシ,7895,0,ｱﾀｯｸ,花王ｱﾀｯｸ詰替1.8㎏,ｱﾀｯｸ,1030,632,474
20,精肉・加工肉,79,騎寄精肉店,7894,0,ﾓﾓﾊﾞﾀｽｷﾔｷ,和牛ﾓﾓﾊﾞﾗすき焼き用150g,ﾓﾓﾊﾞﾗ,211,798,712.5
20,精肉・加工肉,79,騎寄精肉店,7894,1,ﾓﾓﾊﾞﾀｽｷﾔｷ,和牛ﾓﾓﾊﾞﾗすき焼き用150g,ﾓﾓﾊﾞﾗ,211,788,675
70,ドライ食品,107,全日食(ドライ),7893,0,ｱﾏｲﾏﾒｷﾂﾈ,ﾏﾙちゃん赤い豆きつねｳﾄﾞﾝ,豆きつね,712,93,74
100,バラエティー,9999,その他,7892,0,ﾎﾞﾃﾞｨｰｿｰﾌﾟ,ﾎﾞﾃﾞｨｿｰﾌﾟ,ﾎﾞﾃﾞｨｰｿｰﾌﾟ,1041,0,0
80,菓子・パン,108,全日食(ﾊﾟﾝ・菓子),7891,0,ﾁｰｽﾞﾀﾗ67ｇ,なとりﾁｰｽﾞ鱈67g,ちーずたら,811,199,159
80,菓子・パン,108,全日食(ﾊﾟﾝ・菓子),7891,1,ﾁｰｽﾞﾀﾗ67ｇ,なとりﾁｰｽﾞ鱈67g,ちーずたら,811,218,159
80,菓子・パン,108,全日食(ﾊﾟﾝ・菓子),7890,0,ﾅﾄﾘｲｶｸﾝ,なとりいかくん80g,いかくん,811,199,159
80,菓子・パン,108,全日食(ﾊﾟﾝ・菓子),7889,0,ｶﾙﾊﾟｽ,なとりｼﾞｬｯｷｰｶﾙﾊﾟｽ57g,ｶﾙﾊﾟｽ,811,199,159
80,菓子・パン,108,全日食(ﾊﾟﾝ・菓子),7888,0,ｻｷｲｶ,なとりｿﾌﾄさきいか燻製52g,さきいか,811,199,159
90,酒類,30,日本酒販㈱金沢支店,7886,0,ﾀﾃﾔﾏﾄｸｾﾞﾂﾎﾝｼﾞｮｳｿﾞｳ,立山特別本醸造1.2Lﾊﾟｯｸ,本醸造,921,1378,1099
100,バラエティー,111,全日食(バラエティ）,7885,0,ｷｮｳﾘｮｸﾗｲﾄ,ﾊﾟﾅｿﾆｯｸﾊﾛｹﾞﾝ強力ﾗｲﾄ,強力ﾗｲﾄ,1040,887,665
100,バラエティー,126,amazon,7884,0,ﾘｮｳﾃﾅﾍﾞ,両手鍋,両手鍋,1040,3000,1936.12
100,バラエティー,111,全日食(バラエティ）,7883,0,ﾑｺｳｸｳｶﾝ,小林製薬無香空間315g,無香空間,1040,368,276
100,バラエティー,47,×ヤマキシ,7882,0,ｶｲﾛ,桐灰はるﾐﾆ10入,かいろ,1040,328,245
10,青果物,33,江口青果株式会社,7881,0,ﾊﾙｷｬﾍﾞﾂ,春ｷｬﾍﾞﾂ1玉,春ｷｬﾍﾞﾂ,112,268,200
10,青果物,33,江口青果株式会社,7881,1,ﾊﾙｷｬﾍﾞﾂ,春ｷｬﾍﾞﾂ1玉,春ｷｬﾍﾞﾂ,112,163,150
10,青果物,33,江口青果株式会社,7881,2,ﾊﾙｷｬﾍﾞﾂ,春ｷｬﾍﾞﾂ1玉,春ｷｬﾍﾞﾂ,112,250,200
10,青果物,33,江口青果株式会社,7881,3,ﾊﾙｷｬﾍﾞﾂ,春ｷｬﾍﾞﾂ1玉,春ｷｬﾍﾞﾂ,112,198,150
10,青果物,33,江口青果株式会社,7881,4,ﾊﾙｷｬﾍﾞﾂ,春ｷｬﾍﾞﾂ1玉,春ｷｬﾍﾞﾂ,112,188,150
10,青果物,33,江口青果株式会社,7881,5,ﾊﾙｷｬﾍﾞﾂ,春ｷｬﾍﾞﾂ1玉,春ｷｬﾍﾞﾂ,112,125,100
10,青果物,33,江口青果株式会社,7881,6,ﾊﾙｷｬﾍﾞﾂ,春ｷｬﾍﾞﾂ1玉,春ｷｬﾍﾞﾂ,112,268,200
10,青果物,33,江口青果株式会社,7881,7,ﾊﾙｷｬﾍﾞﾂ,春ｷｬﾍﾞﾂ1玉,春ｷｬﾍﾞﾂ,112,313,250
90,酒類,30,日本酒販㈱金沢支店,7880,0,ﾌﾞﾗｯｸﾆｯｶ ｸﾘｱ4㍑ﾍﾟｯﾄ,ﾌﾞﾗｯｸﾆｯｶ ｸﾘｱ4㍑ﾍﾟｯﾄ,ﾌﾞﾗｯｸﾆｯｶ,999,4280,3224
70,ドライ食品,5,カネヨ,7879,0,ｶﾈﾖｳｽｸﾁ,ｶﾈﾖ うすくち醤油1L,薄口醤油,731,380,235
10,青果物,33,江口青果株式会社,7878,0,ｻﾝﾌｼﾞﾁｭｳﾀﾞﾏ40ｺｲﾘ,ｻﾝﾌふじ中玉1箱（40個入）,ｻﾝふじ40個,121,3720,3500
70,ドライ食品,83,田尻虎蔵商店,7877,0,ｾﾝﾁｬ,田尻　煎茶100g,煎茶,742,1000,800
70,ドライ食品,83,田尻虎蔵商店,7877,1,ｾﾝﾁｬ,田尻　煎茶100g,煎茶,742,600,450
40,デリカ,29,志のぶ商事㈱北陸支店,7876,0,ｱｼﾞﾌﾗｲﾉｯｹﾉﾘﾍﾞﾝ,志)あじﾌﾗｲのっけ海苔弁,鯵ﾌﾗｲﾉﾘ弁,413,298,224
40,デリカ,29,志のぶ商事㈱北陸支店,7876,1,ｱｼﾞﾌﾗｲﾉｯｹﾉﾘﾍﾞﾝ,志)あじﾌﾗｲのっけ海苔弁,鯵ﾌﾗｲﾉﾘ弁,413,318,224.4
70,ドライ食品,9999,その他,7875,0,ｹﾞﾝｴﾝｼｮｳﾕ,減塩醤油500ml,減塩醤油,732,311,233
10,青果物,33,江口青果株式会社,7874,0,ｻﾄｲﾓ,さといも1個,さといも,99,0,0
10,青果物,33,江口青果株式会社,7873,0,ｻﾝﾌｼﾞｼｭｳｵｵﾀﾞﾏ,ｻﾝふじ 秀大玉1個,ｻﾝふじ,121,163,130
50,ディリー食品,105,全日食(和日配）,7872,0,ﾊｯﾎﾟｻｲ,日ﾊ中華明菜　八宝菜370ｇ,八宝菜,518,0,225
70,ドライ食品,107,全日食(ドライ),7871,0,ｻﾊﾞｱｼﾞﾂｷ,ﾏﾙﾊﾆﾁﾛさば月花味付缶,さば味付き,714,167,133
